Upload_time,author,like_count,comment
2022-09-04T04:28:56Z,지무비 : G Movie,232,"공조2: 인터내셔날은 오는 9월7일 개봉합니다.

▶58000% 오버핏 반팔티 굿즈 한정 판매중 
http://naver.me/GTOVBg1u"
2022-10-16T13:38:28Z,비트,0,와 폰타나 스프 형! 돌아왔구나!
2022-10-16T05:44:10Z,배고파스,0,신문(실)이 아니라 심문..
2022-10-16T05:39:16Z,性病娼婦,0,보고 싶은 영화인데 좋은 정보 알려주셔서 감사합니다~
2022-10-16T03:58:41Z,최철길,0,따흑은  주키니 님한테  배웠나요?ㅋㅋㅋ
2022-10-15T13:47:54Z,부엉이 TY,0,이거봤는데 엉청재밌는데
2022-10-15T13:10:48Z,황구팡구!,0,다니엘헤니 현빈 ㅈㄴ멋있음
2022-10-15T03:33:07Z,광철영감이수,0,"이제는 FBI헤니까지 공조한다
공조 인터네셔널

미국FBI폭탄제거반출신 헤니의 활약이
기대된돠"
2022-10-14T04:48:54Z,고은결,0,"3:17 어머,장영남 씨 저렇게 깨알스럽게 애교 흉내 내시니까 깜찍하시다~ㅋㅋㅋㅋㅋ"
2022-10-13T10:17:19Z,Suna Kaya Basu,0,첫*충 15 !!! 매*충 1O !!! 돌*발 2O!!!! 외에도 다양한 이*벤*트팡팡 📩인🚰포📩커🚰C📩ㅇ🚰m📩 눈치 보지말고 시작합시다.
2022-10-13T10:16:34Z,Free from anxiety and stress,0,🗳인📇포🗳커📇C🗳O📇M🗳 3ㅅl간하고 170마감 ㅅㅅㅅㅅㅋㅋㅋ 중간방도 꾀 쏠쏠하게 먹을수있노
2022-10-13T10:14:34Z,onur,0,머m니m상 사고 많타는데.. 🗄인🗄포🗄커🗄C🗄O🗄m🗄 환d전은 역시 계a좌로 즉각 받는게 젤편해
2022-10-13T10:14:31Z,Gendab Alaxverdov,0,🖤🖤인🖤포🖤커🖤C🖤o🖤M🖤🖤  와....ㅋㅋ 40분치고 50만n원으로 15O 만들었다...ㅋㅋㅋㅋㅋ
2022-10-13T10:11:21Z,fghfg,0,🤍🤍인포커🤍c.o.m🤍🤍  나는 만k원정도로 가볍게 하는중인데 용c돈 버는중ㅋㅋ..나도 크게 한방가고싶다..
2022-10-13T10:11:19Z,Aykut Turanboy,0,펍가면 은근 고수들이 많아서 힘든데 여긴 뭐..... 물고기들만 모아놨나ㅋㅋ💜💜인💜포💜커💜.💜c💜o💜m💜💜
2022-10-13T10:09:29Z,hızlı sürücü,0,💮💮인포커💮.💮씨오엠💮💮 유ㅠ저많아서 저절로 호_9 비중이 높아진듯ㅋㅋㅋ 하긴(홀덤)치고는 온라인이라서 접근성이 쉽지
2022-10-13T10:09:28Z,sevilayyıldı,0,📀인📯포📀커📯C📀o📯M📀 소문이 사실이였구먼 한시간에 2ㅇ장 쌉가능ㅋㅋ
2022-10-12T14:23:50Z,태구리,0,와 이거 형이랑 엄마랑 봤는데 처음에 돈받은거로 산거그거 다시 받고 마지막에 여자한태 그거 주고 다시 간거 인상깊었는데 그거 딱 폭탄터지기 직전에 드론으로 폭탄 해재키 들고와서ㅋㅋ
2022-10-12T06:41:31Z,JANE YOUTUBE,0,이 영화는 진짜 명작이나 다름 없음
2022-10-12T05:18:51Z,writer clumsy,0,내꺼 하면 나도
2022-10-11T15:26:22Z,제천쌍용자전거,0,6:57 영화관갔었을때 이거보고 ㅈ나 웃었는데 ㅋㅋ
2022-10-11T06:22:54Z,정희준,0,여기서 왜 이정이 보이지??ㅋㅋ
2022-10-10T12:51:56Z,ᄋᄃᄒ,1,"ㄹㅇ재밌음ㅋㅋㅋ특히 현빈,다니엘 존잘"
2022-10-09T14:05:48Z,J enny 팬,0,오늘 영화보고왔습니다  너무재미더라고요  배우님화이팅 현빈님최고 액션연기 👍  배우님들화이팅
2022-10-09T11:30:22Z,ᄍᄏ,0,저런 개같은 씬은 언제까지 끼워 넣을꺼냐?
2022-10-09T05:41:57Z,조경재,1,어.....장명준?(더블비)
2022-10-08T14:02:54Z,배홍준,0,장명준은 지금 박민규에게 침교육 당하는 중입니디
2022-10-08T07:00:35Z,김인우,0,"현빈이 탈북 해서 윤아하고 결혼하고 경찰이 되어 윤해진 파트너로 일하고 사건해결 
윤아도 경찰이 되고 세명에서
사건해결 한다는 기본컨셉 어때요 괜찮나요 여러분?"
2022-10-08T05:58:38Z,김준,0,이번에는 윤아가 끝까지 나와서 좋았음 1편에는 느닷없이 사라져서 이상했는데
2022-10-08T01:38:40Z,엔시티 멤버 수 내 머리카락보다 많다,0,진짜 다니엘과 현빈이 잘생기고 윤아가 예쁘고 유해진은.... 웃긴 영화
2022-10-07T08:21:14Z,송이민,0,총정치국장이 아들래미 파견하는구만
2022-10-07T07:41:17Z,윤제이퍼팩트,0,존나 재미없음 돈과 시간 아까움 쓰방
2022-10-07T06:19:08Z,법률가이,0,가수가 성장하여 배우가 되었다.. 공조 1도 나름 잼났었는데.
2022-10-06T16:01:00Z,y park,1,공조2 존잼이었다 ㅎㅎ
2022-10-06T15:28:52Z,SunJung Ha,0,미국이 얼마나 챈데
2022-10-06T09:40:37Z,황금,0,11:41 위성락 ㅋㅋㅋ
2022-10-06T08:23:09Z,조운규,0,예약!
2022-10-06T06:22:45Z,정한나,0,이정도면 현빈 말투 바뀌겠다…
2022-10-05T22:30:06Z,jyems kdls,0,무슨 북한특수요원금칠을 왜 이렇게 못해대서 안달인지 비루먹은것들을
2022-10-05T21:05:33Z,고동욱,0,이것 만든 감독놈..뭐냐? 대가리가 조선민주 공화국 대가리네...북한 정권 자체가 세계적으로 유명한 마약상인데.. 이 따위 영화를 만드네..
2022-10-05T14:28:23Z,Ji Eun Kim,0,"엇, #치얼업 도해이 엄마 귀여우신데, 여기서는 윤아 언니였구나 ㅋ ㅋ #장영남 배우님 넘 좋아"
2022-10-05T12:35:02Z,Đ-míč丶햄찌,0,0:30 더블비?
2022-10-05T08:56:22Z,택이,0,중국 일본 대만 베트남 다 끼고 한국판 분노의질주 찍었으면 ㅋㅋㅋㅋ
2022-10-05T07:13:27Z,WW J,1,쓰벌  공화국의 은혜?? 뭐 이딴 식의 종북영화를 계속 만드는 영화는 뭐냐??
2022-10-05T04:56:23Z,mse mse,0,그림자 아닌가????
2022-10-05T04:34:32Z,레니,0,진선규연기 개오졌는데 아무말도없네
2022-10-04T23:01:07Z,박도문,0,"통번역서비스기업군 
프로랭스 야
1조3천억에

상장 하자아!

하하하"
2022-10-04T12:57:21Z,나비,1,근데 공조2보니까 실제로 유해진이 절대 못 싸우는건 아닌듯ㅋㅋㅋㅋㅋㅋㅋ
2022-10-04T12:11:26Z,K💲AP RAMA,1,어제 보고 왔습니다 너무 재미있어서 기억하고 싶어 다시 왔네요 ㅋㅋㅋ
2022-10-04T08:39:29Z,팥빵속단팥,0,공조2에서 악역이 젤 멋있었음 액션씬 간지납니다
2022-10-04T08:05:20Z,김은정,0,헤니  등장하자마자 현빈 안보이네 와꾸 얼굴 봐라
2022-10-04T04:49:55Z,MSN,0,치아 교정인들의 커뮤니티 철도청 카페에서 가장 핫 한 영상으로 추천 받아서 왔습니다 ㅎㅎ 사실이네요. 치아 교정 중에 싸우면 안돼요~~
2022-10-04T04:44:15Z,맥로이,0,아무리 영화라지만!!  북한 찬양영화라고 볼수밖에
2022-10-04T02:15:42Z,chanchan Kim,0,시리즈로 계속 가즈아
2022-10-03T20:20:55Z,김울산,2,"역대급 노잼 영화
주연끼리 호흡 너무 안맞음"
2022-10-03T17:48:29Z,조명희,0,북한군 강준이. ㅅㅂ 잊지 못한다
2022-10-03T16:44:37Z,토토엔젤,0,과연 언재 뜰까 인터넷에 ;;;;;;
2022-10-03T12:10:53Z,SC lee,0,"나중에 유해진,현빈이 범죄도시 시리즈에 카메오로 나오거나    마동석이 공조 시리즈 한다면 공조하는 걸로 세계관 약간 겹치게 해주길...ㅎㅎㅎ"
2022-10-03T08:22:45Z,성윤[기마이],0,진선균 형님 가발쓰니까 후뢰시맨 악당  라데우스 간부 사카우라 생각났어요
2022-10-03T07:44:41Z,밤마다,0,Choego
2022-10-03T07:15:49Z,장재혁,0,가족끼리 보기 좋아요
2022-10-03T06:29:12Z,platform 9 and 3 quarters,1,진선규 장명준역이랑 넘 잘 어울려씀
2022-10-03T04:49:56Z,루퍼,0,4:55ㅈㄹ
2022-10-03T00:30:58Z,예리는김예림,0,안타까움ㅠㅠ
2022-10-02T18:35:34Z,이우리,2,"영화판에선 왜 북한이 저렇게 멋지게 미화되는거냐?
북한 똥ㄲ 빠는거 이젠 구역질이 날려한다.
공영방송에선 여행 예능을 하더라도 꼭 공산주의 국가 쳐가거나 반미투쟁 국가 쳐가거나 베트남전쟁 이런거 찿아가는 루트를 짠다.
씨발럼의 세상. 공중파든 영화판이든 국가 곳곳에서 주사파 세끼들  냄새가 진동을 한다."
2022-10-02T13:41:43Z,SJINI,0,빨갱이 미화 영화 진짜 지긋지긋하게 나오네
2022-10-02T12:48:13Z,이정묵,0,위성락 머리기니까 어색한데 ㅋㅋㅋㄱ
2022-10-02T10:45:03Z,abcde,0,고양이 레이저 포인트ㅋㅋㅋ
2022-10-02T07:43:41Z,John Gong,0,아니… 사랑의 불시착의 부자가 여기서도?
2022-10-02T06:55:29Z,응삼이,1,국방비만 천조되는 천조국 FIB가 북한의 눈치를 본다고??ㅋㅋㅋㅋㅋㅋㅋㅋㅋ
2022-10-02T06:31:18Z,미츠키 코야마,0,"6:00 이거 문신 일본애니메이션 ""나츠메의우인장"" 여기에 나오는데 ㅋㅋㅋ똑같네 옮겨다니는"
2022-10-02T06:26:57Z,미츠키 코야마,0,리정혁이랑 리정혁아빠 같이나왔넼ㅋㅋㅋ
2022-10-02T06:04:38Z,텔레비전,0,공조 겁나 재밌어요😁
2022-10-02T05:04:25Z,이막강남,1,초반은그냥 미국영화 흉내
2022-10-02T00:26:35Z,100years and,1,"윤석열과 국힘 위장반공/진성좌빨설의 배경
월북행위 미화
이중간첩 태영호 중용
국방예산 착복
국가기밀 누설
한미동맹 와해
북도발에 침묵
병역면탈......"
2022-10-01T22:42:11Z,Gold K,2,이젠 남북공조 지겹다 ㅡㅡ
2022-10-01T14:44:35Z,김앙뿌,2,난 재밌게 봤는데 다큐충들이 이게말이되냐 안되냐 궁시렁거리는거보면 제발 ebs만 보면서 살면좋겠음...
2022-10-01T13:49:35Z,코리아독립대장,0,"7:33  절대 저렇게 치면 안넘어간다. 알지?
붕~뜨지 않는단 말야.
그냥 꼬꾸라지지."
2022-10-01T12:17:00Z,김형일,0,재미있겠는데...히트예감
2022-10-01T05:00:06Z,니시모리 리사,1,"ㄹㅇ 공조2는 영화관가서 봐야함
영화볼때마다 웃음이 안끊어짐"
2022-10-01T03:56:56Z,사발면,1,"키보드로패면 사이버 ㅋㅋㅋㅋ 
돈으로 때리면 금융범죄 ㅋㅋㅋㅋ"
2022-09-30T21:48:24Z,Jaehun Jung,0,감히 윤아의 뒤통수를 후려까다니 ㅎ
2022-09-30T13:47:01Z,YouTube_서폰,1,0:30 명준이형?…
2022-09-30T11:05:58Z,Beachnett,1,굿 페미 국회의원 아웃 여가부 폐지 공감
2022-09-30T07:08:33Z,하혜경,0,내가극장에서 찍은것글올려볼까요?ㅋㅋㅋㅋㅋ
2022-09-30T07:08:04Z,하혜경,0,왜이렇게편집많이하셨어요?
2022-09-30T05:35:30Z,루다,0,"저 너무 재밌게 봤어요ㅋㅋㅋㅋ
님들도 봐봐요ㅋㅋㅋ"
2022-09-29T18:21:51Z,Big Mosquito,0,아니 이런영화맨들거면 차라리 슈퍼히어로 영화로만들지 너무 비현실적임 ㅋㅋ
2022-09-29T14:35:14Z,hb k,0,되게 잘 만든 오락영화ㅋㅋ 스토리는 유치한데 배우 얼굴이 미쳐서 그딴건 느껴지지도 않음..ㅋㅋㅋㅋㅋ
2022-09-29T13:56:18Z,Cuộc sống ven biển Hàn quốc,0,나 이거 봄. 꾸루꿀잼
2022-09-29T12:55:45Z,시금치된장국,0,"빌형의 새로운 사업을 아십니까?
https://youtu.be/7C8bN6C4yYI"
2022-09-29T08:46:31Z,lately,0,아 개재밌겠다
2022-09-29T07:48:27Z,호딩티비,0,저 공조2 나오자마자 영화관 가서봄
2022-09-29T07:45:50Z,정재현,0,리무혁 중대장 이름도 바꾸고 이버지랑 잘 지내고 있군요 세리 동무는 잘 지내나요 ?
2022-09-29T05:49:41Z,아루,0,아버님 아직 권력의 정점에 계시는군요 ㅋㅋ
2022-09-29T04:28:11Z,wonsik Park,0,"마동석 범죄도시, 강철비 시리즈 보다 한국영화에서 시리즈 중 꿀잼인 공조! 공조 : 본 얼티메이텀 extreme ways 한국판인 공조 ost + 액션 + 개그"
2022-09-29T04:24:02Z,wonsik Park,0,"마동석 범죄도시, 강철비 시리즈 보다 한국영화에서 시리즈 중 꿀잼인 공조! 공조 : 본 얼티메이텀 extreme ways 한국판인 공조 ost + 액션 + 개그"
2022-09-29T02:12:27Z,Ki baek Lee,1,빌런이 좀 아쉽다
2022-09-28T18:18:05Z,악플러,0,사투리 연기 시발이네
2022-09-28T16:08:03Z,cosmos,0,공조  재미있어습니다 다들 고생햇소 유해진씨 좋와요
2022-09-28T12:26:40Z,게임하는 염소방송,0,공조2에서 장명준은  더블비 장명준인가?ㅋㅋㅋㅋ
2022-09-28T11:20:07Z,KDH,0,1:05  다니엘헤니 대사 뭐라고 하는지 아시는분 있나용
2022-09-28T11:16:24Z,세계관 최강자 레알,0,"유해진 개웃기네 ㅋㅋ
돈으로 때리면 금융범죜ㅋㅋㅋㅋ"
2022-09-28T08:33:10Z,민지와 도경이의랜드,0,어디서봐요
2022-09-27T15:54:38Z,길동홍,3,빨갱이 비호영화
2022-09-27T10:07:11Z,이초홍,0,마약들어있는 봉투로 때리면 마약사범 ㅋㅋ 중국에서는 사형당하누
2022-09-27T00:55:19Z,김선홍,0,다음 보스역으로는 마동석?
2022-09-26T23:59:25Z,Jenny Kim,0,유해진 넘 좋다
2022-09-26T14:23:11Z,이사랑,0,와~~너무 좋아
2022-09-26T12:28:42Z,소확행,1,진선규님  마지막에  눈물났어 ㅠ 유해진님이 현빈과 헤니 사이에서 별 차이 없어 보이는 마법이 ㅎㅎ  공조2  계속 홧팅~~!!!
2022-09-26T10:52:53Z,Kim dny,0,7:45 ㅋㅋㅋㅋㅋㅋㅋㅋㅋㅋㅋㅋ 슈퍼히어로 랜딩 ㅋㅋㅋㅋㅋㅋㅋㅋㅋ
2022-09-26T09:58:54Z,성관호,0,언제부터 포르쉐가 방탄이였어~~~~~~
2022-09-26T08:16:47Z,Min,0,"윤아 대박 ㅋㅋㅋㅋㅋㅋ
현빈형은 진짜 끝장난다ㅎㅎㅎㅎ"
2022-09-26T07:22:53Z,나도 그렇게 생각해,1,북한은 멋찌고 한국은 어벙하고 무능하다..영화볼때 기분이 나빠진다..
2022-09-26T06:53:27Z,김성훈,0,일당백  ㅋㅋㅋㅋㅋ
2022-09-26T05:25:04Z,김퍠리,0,0:29 더블비 할 거 없어서 이름까지 팔아....ㅠㅠ
2022-09-25T23:26:15Z,미세한파동,0,손예진이 카메오로 나왔으면 재미있었을듯
2022-09-25T22:43:40Z,연화 서,0,차좀 바꿔라 언제까지k5 냐?ㅋㅋㅋ
2022-09-25T12:59:00Z,앙기모띠,0,진짜 존나재밌음ㅋㅋ
2022-09-25T12:20:56Z,mulgogigogi _,0,리정혁씨 아버지도 나오시네요!!!!!!
2022-09-25T11:53:08Z,나야나,0,아 그래서 남조선 와서 윤세리 만나서 이번에 결혼한거구나 ㅋㅋㅋ
2022-09-25T06:09:19Z,스낵배그tv,0,철령님 은 교통사고로 인하여 하늘나라로 가셨는데 또다시 됩니다 고인의명복을빕니다
2022-09-25T05:46:03Z,이승으,0,쉐리가 죽엇엉
2022-09-24T23:24:13Z,치키치키차카차카초코초코칩,0,아니 범죄자 이름 더블비 생각나넼ㅋㅋ
2022-09-24T15:23:05Z,미니수식어,0,제대로 보면 총정치국장님이랑 리정혁…사랑의 불시착 세계관 연결 아닙니까? ㅋㅋㅋㅋ
2022-09-24T14:54:10Z,윤아현,0,진짜 오늘 봤는데 일단 내용은 모르겠고(?)현빈..진짜 개잘생겼고요..싸움짱잘하고요..그냥 다멋있어요...♡♡♡
2022-09-24T13:51:50Z,블롭피쉬앤칩스,0,세르게이 심문할때가 제일 재밌었음
2022-09-24T11:25:36Z,사신학교 불,0,영화로 보고 이거 보러 옵니다
2022-09-24T09:32:33Z,긍정맨 JayHug,0,2:35 사랑의불시착에서 현빈아버지 셨던 분 다시 등장 ㄷㄷ 😱
2022-09-24T08:55:22Z,"나는 천원짜리 몸이다Js,hong",0,👍😁
2022-09-24T08:54:30Z,"나는 천원짜리 몸이다Js,hong",0,공조2:인터내셔날 저는 MEGABOX 에서 2번 봤음.
2022-09-24T08:50:17Z,"나는 천원짜리 몸이다Js,hong",0,공조2 많이 봐주세요. 이미 Facebook 에 올려놨습니다!
2022-09-24T07:47:06Z,늘봄,0,윤아도 나이에 맞게 아줌마 같아 보인다 ㅠㅠ
2022-09-24T04:46:14Z,성훈 박,0,리정혁씨 말 잘하네
2022-09-23T18:19:12Z,피끌,0,이딴게 영화?
2022-09-23T15:03:25Z,프리닥,0,"아이고 이 좌빨들아 이게 꿈에서나 가능한 시나리오냐?  거짓말장이 공산주의자를 이렇게 묘사하면 만화도 안본다 이놈들아. 
정신 똑바로 차려라..."
2022-09-23T12:30:54Z,청송망고,0,이 영화 진짜 ㅈㄴ 웃김 ㅋㅋㅋㅋㅋㅋㅋㅋㅋ
2022-09-23T11:52:21Z,달리자부천,0,개봉2주 현재 500만 돌파..ㅋ
2022-09-23T11:33:10Z,GaNe Kim,0,"다니엘 헤니라는 놈은 여전히 한국말 못하나, 모가 싹수가 노랗네"
2022-09-23T06:39:19Z,ᅳᅳ,0,더블비…?
2022-09-23T06:34:03Z,se size,0,숨겨왔던나의~ 재결합
2022-09-23T04:04:05Z,파마아이가,1,"스토리 허술하고 이것저것 내용 다 갖다붙임.
뻔한 억지웃음 유발에 씬넘어갈때마다 매끄럽지 않고 끊김. CG도 너무 티나고. 다음나올 장면도 뻔함.."
2022-09-23T01:23:01Z,김엘지,0,공조1 꼭보고 봐야하는영화인가요??
2022-09-22T23:04:54Z,소영,1,"현빈 나이들수록 멋있어지네
한국의 탐쿠르지나 브래드피트처럼 되길"
2022-09-22T22:32:09Z,``,0,않이 딸 큰거 실화임 1탄에서 분명 초딩이였는데 진짜 세월 빠르다
2022-09-22T19:22:06Z,Luis Fernando Feilpe,0,정은아 뭐하냐 애들좀 풀어서 용산좀 털어줘라
2022-09-22T19:07:31Z,릴 갓탑 Lil GodTop,0,도랏다...
2022-09-22T15:50:23Z,아르데타인네버호른,0,요즘은 속편이 더 재밌네
2022-09-22T12:42:31Z,댓,0,9:49 아닛 월수선생의 빵빵터트리고있어요가??
2022-09-22T10:55:34Z,늪지대 팬,0,장명준 ㅋㅋㅋㄲㅋ 캐릭터는 무서운디 이름은 웃기네
2022-09-22T08:31:32Z,ㅇㅇㅇㅇ,0,껄떡대지말라는 어디에도 없어 왜ㅠㅠㅠㅠㅠㅠ허어어엉ㅇ
2022-09-22T06:22:31Z,비모,0,이 영화를 보고 진며들었습니다. Ott에 나와주라..응? 제발...
2022-09-22T04:47:20Z,Steph lee,2,기대가 컸던건지.. 개노잼 90년대 개그코드와 수준 낮은 액션신 1과 비교해서는 한참 모자라는 영화였습니다
2022-09-22T01:04:34Z,한수영,0,"유해진,진선규 .
많이
보고 싶어요~~"
2022-09-22T00:47:40Z,east auction,0,북한이 무슨 인권과 법이있다고 ㅎㅎㅎ
2022-09-21T23:34:37Z,Joon Lee,0,순간 사불착인줄. 리정혁 아빠 역할 하신 분 여기서도 북한 고위 간부로 나오시네 ㅋㅋㅋㅋㅋㅋㅋ
2022-09-21T13:30:37Z,소울,0,불시착에선 아들과아버지로  여기선  상관과부하로
2022-09-21T13:23:06Z,달팽이,1,ㅁㅊㄴ
2022-09-21T13:17:01Z,Paro,4,"이 영화 최악입니다
감독의 연출은 조연출깜도 안되고 개연성은 엿바꿔 먹었고 액션 편집 미술 음악 전부 최악입니다
영화 자체가 바레났습니다
영화 첫씬부터 마지막까지 썩은 음식먹고 식중독걸린 느낌였습니다"
2022-09-21T11:13:55Z,너울성파도,1,9:00 고광렬?
2022-09-21T11:05:36Z,최승민,1,공조3에는 민하양 저격총 든 모습 기대합니다 명색이 청소년 국가대표인데 ㅋㅋ
2022-09-21T11:01:44Z,오징도징(헷포켓몬빵),1,이거 영화관에서 봤는데 소리 땜에 고막터질뻔..
2022-09-21T09:54:12Z,Jongho Shin,0,"?:우린 둘인데 딸랑 열한명 밖에 없는기라? 
??:(불법)무기쓰지마~~"
2022-09-21T09:12:13Z,일반인,0,더블비 명준이형 드디어 성공했네!!
2022-09-21T08:57:20Z,구그리,0,딸 성장 보면 진짜 5년 동안 우리네 여느 가족들처럼 함께 이 세상에 살아온 거 같음
2022-09-21T05:56:04Z,놀고싶다,0,공조 3나왔으면 좋겠다
2022-09-21T05:04:50Z,남편의 시선,1,현니엘 헤빈
2022-09-21T04:08:58Z,tae,0,손예진은 어디갔나요? 표치수랑 주먹이는요??
2022-09-20T23:02:53Z,이민준비,0,꼬마였던 박민하가 많이컷네...숙녀가 다 됬어
2022-09-20T21:37:41Z,헬몬,0,빨갱이미화영화
2022-09-20T19:03:07Z,성퉁이,0,삼만육천원 ㅋㅋㅋㅋ ㅋㅋㅋㅋ ㅋㅋㅋㅋ. 일당백 ㅋㅋㅋㅋ ㅋㅋㅋㅋ ㅋㅋㅋㅋ  빵터졌네
2022-09-20T19:00:02Z,성퉁이,0,조선민주주의 인민공화국이 인권이 있었나
2022-09-20T17:28:14Z,이름없다,0,오늘 봤는데 개 재미있음
2022-09-20T14:32:31Z,내가 도전자 2라니,0,더블비가 여기서 나오네
2022-09-20T13:28:00Z,요즘스타일,0,이새끼 머야!? 이게 젤 웃기넼ㅋㅋㅋㅋㅋㅋㅋㅋㅋㅋㅋㅋ
2022-09-20T12:00:29Z,이름없음,1,이런 영화 때문에 북한 특수부대는 1:100도 가능한 개사기에 한국 측 요원들은 개무능한 아저씨 인식이 생기는거임
2022-09-20T11:05:02Z,기면수,0,"본사람만 아는 ""Hey, 껄떡대지 말라"""
2022-09-20T09:40:59Z,대전김대표,1,"공조후기
열번 찍어 안넘어가는 나무는 없다."
2022-09-20T08:49:40Z,TN TMTS,0,ㅋㅋㅋㅋㅋㅋㅋㅋㅋㅋㅋㅋ
2022-09-20T07:37:37Z,약초총각,0,재밌다아
2022-09-20T05:41:07Z,Amigato Xin,0,"오늘 영화보고 왔습니다 
영화내내 현빈과 다니엘해니의 얼굴만 보입니다
엄청나요 그냥 등장만 하면 제가 세상 순한양처럼 미소지어요 
내용은 무슨 ㅁ ㅏ 약뭐시기 같은데.. 잘 기억이 안나서 내용 다시 보려고 지무비님께 들렸어요 이런 내용이었군요.."
2022-09-19T22:15:27Z,Fgji Gg,1,친북좌파놈이 북한 미화를했네
2022-09-19T19:28:07Z,Park영,0,이모보다 딸이 더 나이들어보이네!? ㄷㄷㄷㄷ
2022-09-19T14:09:24Z,YOU빌런,0,차 폭발할때 다크나이트 생각나네...
2022-09-19T13:55:26Z,하클,0,윤아 진짜 ㅋㅋㅋ 너~~~~~~귀여워 ㅋㅋㅋ
2022-09-19T08:04:50Z,김콩이,0,재밌어요~~끝나기 전에~다시 한번 더 가족과 극장에서 보려구요
2022-09-19T07:53:01Z,Black Pearl Cookie,7,"그저께 엄마랑 공조 2 보고왔는데 저희 엄마도 같이 보러온 관객분들도 저도 림철령(현빈)님의 조선소년단 드립에 웃음벨 터졌습니다 ㅋㅋㅋㅋㅋㅋㅋㅋㅋㅋ
TV에 VOD로 나오면 또 봐야지^^"
2022-09-19T07:43:07Z,웅수 신,0,이거 봐야 겠네.
2022-09-19T07:40:50Z,김지후,0,윤아 현빈 마이클헤니보고 얼굴이 감탄 윤아 금사빠에 빵터지고 유해진은....음...걍 잘어울림
2022-09-19T07:28:14Z,웅수 신,0,윤아 너무 잘해
2022-09-19T07:26:58Z,웅수 신,0,유해진 딸.  공조1에 나온 아이신가?
2022-09-19T07:23:39Z,웅수 신,0,유해진이 누가 핏씨방에서 싸울걸. 사이버에 신고했니 ㅎㅎㅎ
2022-09-19T04:43:33Z,n,0,"쓰레기 영화임 
한국영화 수준떨어지게만듬"
2022-09-19T04:01:32Z,trump donald,0,껄떡대지말라우
2022-09-19T03:43:32Z,1상태,0,진선규빼고 전부다 개그캐릭임
2022-09-19T02:35:12Z,찹쌀떡삼남매,0,나만재미없었나... 오랜만에 3분의1도 못보고 나왔는데ㅜ
2022-09-19T01:56:58Z,훘,1,진짜 꼭 봐야하는 영화임 ㅈㄴ재밌오
2022-09-18T18:11:10Z,ORZO,0,현실은 절대 안그렇지 자국민 건든 미국은 그냥 미친놈이되거든
2022-09-18T17:56:13Z,강찬휘,1,전체적으로 재미는 있었는데 중간중간 재미 요소들이 오히려 흐름을 깨고 집중력을 흐트렸음.영화 초반부 묵직했던 액션씬에 비해 중반은 좀 루즈한 감이 없지 않아 있었고 후반부는 나름 집중해서 봤음. 전형적인 평점 8점대짜리 킬링타임에 최적화된 영화. 그래도 비싼 영화값 내고 볼 가치는 있는 듯?
2022-09-18T16:48:55Z,Eugène Lu,0,와.. 저게 사실이었으면 북한은 역사 속으로..ㄷㄷㄷㄷ
2022-09-18T16:16:50Z,빨간모자JY,0,"그냥 1편으로 기억에남았으면
어땠을까 하는영화
억지웃음 유발  유치찬란"
2022-09-18T15:05:18Z,자민경크레마카라콜,0,7:13 ???: 잡았죠?
2022-09-18T13:46:55Z,정현 배,8,"액션코미디물을 진짜 극혐정도로 싫어하는데 이건 진짜 레전드 영화에요... 빌런,주인공 다 완벽한영화
현빈,다니엘,유해진 진짜 이영화로 더 입덕하게된거같아요..진짜 주연대박이고 소름돋게 재밌네요 꼭 영화관에서 보세요"
2022-09-18T13:37:52Z,Doyeon Kim,0,"옥의 티.... 다니엘 헤니
늘 비슷한 캐릭터에 비슷한 연기...
그리고 여전히 한국 시장은 그에게는 금고일뿐"
2022-09-18T12:34:08Z,아기보끔밥,0,뒤늦게 공조 2 본 내가 감히 한 마디 하겠어 공조 3 내놔!!!
2022-09-18T12:12:40Z,우범곤,0,이거 오늘 봤는데 진짜 재밌었네요ㅋㅋㅋㅋ 근데 마지막에 가슴에 찔렀는데도 이성이 남아있던게 더 신기함ㅋㅋㅋㅋ
2022-09-18T11:23:21Z,루시우스,0,"보고 와서 다시 봐도 재밌네요, 부디 흥행성공해서 3도 나왔으면..ㅎㅎ
유해진 배우님이 하필 키 큰 사람들(현빈,다니엘 헤니) 사이에 껴서.. ㅋㅋ 

꼭 보세요, 재밌습니다 ㅎㅎ"
2022-09-18T10:17:14Z,Christina Shin,0,우영우 아빠랑 덕선이 친구와 리정혁은 아버지와 ㅋㅋ
2022-09-18T09:48:04Z,옥녕,0,북한 빠는 영화같네 언제부터 미국이랑 범죄인 인도조약을 썼다고.. 그리고 조약 쓸만큼 북한이 강한가?
2022-09-18T07:14:11Z,cruz롹,0,아 근데 울나라 영화는 악당(?) 캐릭 머리스타일이 죄다 저런지...-0-
2022-09-18T04:13:19Z,의사양반과 무쇠덩어리,1,"억까가 너무 심해
작가의 그 정치적잉 성향은 뒤로 접더라도 이건 뭐;"
2022-09-18T04:08:32Z,은율,0,진짜 거짓말 아니고 개재미있음
2022-09-18T03:42:36Z,티티,0,어제 영화관 봐서. 봤는되 재밌음
2022-09-18T03:22:55Z,유수아,0,진짜 캐릭터 하나하나가 다 멋있고 너무 재미있었음
2022-09-18T02:31:45Z,퍼드purplewizard,0,어제 보고왔는데 개재밌었다 리뷰 감사해용
2022-09-17T19:22:59Z,hyun woo Chio,0,진선규 범죄도시에서 나온 것처럼 연기하다니 너무 웃기고 재밌게 봤어요
2022-09-17T14:39:42Z,빛돌이,1,다니엘 헤니 나이 먹어도 핵존잘
2022-09-17T13:45:36Z,MK Kim,0,진선규 연기 장난아님
2022-09-17T12:39:19Z,김말자,0,이번영화는 유해빈도 ㅈㄴ멋있다
2022-09-17T10:01:35Z,KIM KIM,0,10분같은 5분ㅋㅋ
2022-09-17T09:18:23Z,Grove,1,다니엘 첫등장 인상적임
2022-09-17T08:07:42Z,마 어디고,0,ㅋㅋㅋㅋㅋㅋㅋㅋㅋㅋㅋㅋㅋㅋㅋㅋㅋㅋㅋ금융범죄 디지털범죜ㅋㅋㅋㅋㅋㅋㅋㅋㅋㅋㅋㅋㅋㅋㅋㅋㅋㅋㅋㅋㅋㅋㅋㅋㅋㅋㅋㅋㅋ표정까지 존나웃ㄱ디네
2022-09-17T07:23:36Z,Machinary ART,0,뭔가 사랑의 불시착의 후속편 같은 그런 느낌적인 느낌
2022-09-17T05:59:34Z,jk박정의,1,공조2   남주 3인방  개봉열흘만에  400만  돌파!    리미트.   여주3인방    개봉  한달넘게  5만.     왜일까요?  도대체  왜일까요?
2022-09-17T04:32:05Z,lostsky73,1,아무리 스폰을 받았더라도 광고가 심해
2022-09-17T04:23:19Z,김민종,0,카드 찰지게 던지네 ㅋㅋㅋ 가 이쉐꺄~ 가 ㅋㅋㅋㅋㅋㅋㅋ
2022-09-17T03:43:50Z,영원,0,3:02 하이라이트
2022-09-17T03:19:14Z,강츷,1,4~5년만에 엄마랑 처음으로 영화 본 게 공조2인데 저희 엄마 그렇게 웃으시면서 좋아하는 건 처음 봤어요 나름 잘 선택한 영화였던 것 같아서 기분이 좋습니다ㅜㅜㅡ 아 저도 재밌게 봤어요ㅋㅋㄱㄱㅋㅋㄱ기억 나는 게 현빈 다니엘 헤니 슈트핏 밖에 없긴 하지만...
2022-09-16T17:00:05Z,ss,7,"영화 초반부터 끝까지.이런 의문이 듭니다.
감독은 무슨 영화릉 찍고 싶었던걸까?
코미디라기엔 배터지는 수준이 아니라 그냥 픽 하고 마는 정도이고 액션도 국내한정 좋은 편이지만 국제적으로보면 식상한 액션이고 스릴러라기엔 악역이 특색없고 뇌빼고 보기엔 좋을지 몰라도 솔직히 호평받을정돈 아닌거같네요"
2022-09-16T11:05:21Z,뽀돌,0,오늘보고오왔어요
2022-09-16T08:26:58Z,상수보틀 Sangsu Bottle,0,보다가 잤는데 지무비님 요약본이 더 재밌네요~
2022-09-16T04:24:36Z,안개속의오두막,0,배우진선규님 진짜 역할 잘 맡으셨다  전작인 범죄도시가 생ㄱ각나요
2022-09-16T03:37:04Z,SMToon en Français,0,시사회로 미리 보고 왔습니다 ㅋㅋㅋ 이번 공조2 전편보다 더 유쾌해졌어요 ㅋㅋㅋㅋ
2022-09-15T21:29:16Z,eichie mei,2,"현빈, 유해진, 진선규,배우들 멋진 연기 좋구요.
곳곳에 빵 터지는 연기도 재미 있었답니다. 추석영화로 가족들과 보기에 딱인듯싶습니다.
강추~😀😀"
2022-09-15T17:23:43Z,관심법슛,0,"노잼+신파설정 다니엘헤니,진선규 캐릭터 어색함 
1을 재밌게봐서 기대했는데 2는 진심 개쓰레기"
2022-09-15T15:59:24Z,음냐,1,유머가좋앗음
2022-09-15T14:59:21Z,세이지,1,"저번주말에 공조2보고 왔는데 
벌써부터 3는 언제 나오냐는 생각함"
2022-09-15T14:21:24Z,Lee다니엘,0,크으으으 역시 영화 리뷰는 지무비 형님이 짱이십니다
2022-09-15T13:48:50Z,티아유르,0,장명준?
2022-09-15T13:46:50Z,아일랜드🌿이니스프리,1,"재밌게 잘 봤어요! 개인적으로 기억에 남는 배우 진선규님🦎🦎🦎 철영아, 우리는 다시 보지않는거이 좋겠디...?"
2022-09-15T13:06:39Z,이애란,0,꾼 2도 부탁해요^^
2022-09-15T13:03:47Z,이애란,0,"연기지만 이 부부 너무 잘어울려요. 어떡하냐ᆢ^^
연인 애인이 아닌 세월이 묻어나는 가족으로 너무 잘어울리세요"
2022-09-15T12:50:50Z,아메리카노,0,"방금
보고옴 
진짜 ㅡㅡ 현빈 ㅜㅜ너무 머싯다"
2022-09-15T12:05:04Z,jayounghong,0,받아쓰기는 잘 할까?? 급 궁금해짐… 이건 거의… 3살배기 응도에게 받아쓰기를 가르치는 편이 더 낫다는 생각이 듬.
2022-09-15T12:02:38Z,jayounghong,0,덕분에 금융범죄와 디지털범죄의 차이점을 명확하게 알게됐음 ㅋㅋㅋㅋㅋㅋ 환장 직전🤣🤣🤣
2022-09-15T11:11:22Z,얼음소녀,0,3:24 박민하
2022-09-15T10:48:50Z,별우,0,비주얼 3인방 너무 눈이 부시네유!!
2022-09-15T09:50:40Z,동동,0,근데 또 신기한게 우영우 캐릭터 2명이나 나옴 털보랑 우광호 ㅋㅋ
2022-09-15T09:49:33Z,JB L,0,주인공은 절대 총 안맞아서 너무 비현실적..
2022-09-15T09:49:01Z,카톡,0,초반 개웃기네ㅋㅋ총알
2022-09-15T09:48:47Z,KYLE Yang,0,ㅋㅋ 내가 유튜브 공조2가나왔다고? 하면서 검색했는데 지무비 제목이 나랑똑같네 ㅋ
2022-09-15T08:41:43Z,퐁퐁 보면 짖는 상우,3,9:49 빡빡빡 해주세용~
2022-09-15T08:03:39Z,김민정,0,장명준 ㅋ 머리 너무 잘 어울린다요ㅎ
2022-09-15T02:40:12Z,두댓,1,빠인땡큐앤두유?ㅎ
2022-09-15T01:27:05Z,김정숙,0,가잖은 유머코드에 보다 잤담ㅋㅋㅋㅋㅋㅋㅋㅋㅋㅋㅋㅋㅋㅋㅋㅋㅋㅋㅋㅋㅋㅋㅋㅋㅋㅋㅋㅋㅋㅋ
2022-09-15T01:12:55Z,이수찬,1,저 영화관에가서 공조2 을 봐는데 너무 재밌있었어요 근대 지무비 영상보고 또 너무 재밌는 영상 이었어요
2022-09-15T01:04:03Z,아카시아,1,박민하 많이컸네 ㅎ
2022-09-14T22:51:56Z,우현 정,2,개재밌었는데 이거 ㅋㅋ
2022-09-14T20:55:24Z,suitlo,2,현빈 액션 내가 좋아하는 액션배우🫶
2022-09-14T17:15:03Z,김선생,5,"이게진심 재미있나 
너무 재미없던데"
2022-09-14T15:30:22Z,송송이이,0,한 북 미가 아니라  한 미 북이 맞다. 북한은 어쨋튼 우리의 주적이다. 물론 영화계가 종북좌발판이라  은근슬쩍 친북반미요소를 항상 넣지만..
2022-09-14T15:07:47Z,시타개장수는통장까,1,다니엘헤니 겁나 멋지다 ㅜㅜ
2022-09-14T14:56:19Z,똥꼬양이내새끼들,1,현빈 다니엘헤니 옆에 있으니 밋밋한 얼굴이구나🤭
2022-09-14T13:31:22Z,김무기,11,"존나 수준낮고 재미없음,
그런데 다음평점은 8.1
언론이 썪었다지만 영화평점까지 조작할줄은!"
2022-09-14T12:18:25Z,히 히,3,"""껄떡대지마라"""
2022-09-14T12:04:21Z,재영,1,영상 끝나고 나오는 소리를 개어쩌고... 없애주심 좋을텐데요
2022-09-14T11:46:58Z,자전거신재웅🌱,2,영화관에서 사람들 다 웃음 신기
2022-09-14T09:52:44Z,Lucky,1,문득 다니엘 헤니가 간나새끼 라고 하는 거 들어보고 싶네
2022-09-14T09:23:40Z,필현독,0,시궁창에서 건져올린 오래된 나뭇잎같은 영화
2022-09-14T08:56:32Z,그리펀 나이프,3,한국 영화를 보면 북괴군 요원은 싸움도 잘하고 잘빠진 배우가 나오고 대한민국 요원은 좀 뭔가가 펑퍼짐하고 모자라 보임... 항상 그럼 의형제가 그러고 강철비가 그러고 이번 공조도 그러고 용의자는 북괴 요원 카운터 파트너가 박희순의지만 공유에게 한번 당한 전력이 있었던 한마디로 북괴군보다 한 수 낮은 자로 나옴... 지금까지 북괴군보다 월등한 대한민국 요원이 나오는 영화는 본적이 없음... 왜 한국 영화는 이러한 것일까???  북괴군이 제발 잘나주길 바라는건가???? 제발 대한민국이 북괴군에게 짖밟혔으면 좋아서 그러는건가???? 영화계는 좌빨들이 영화를 만드는것 같음... 요즘 세상에 간첩이 어디있고 사상싸움을 할 시대는 끝났다고하는데 지금도 북괴는 대한민국을 적화통일을 하려고 하고 있고 핵을 만들어 한국에 위협적인 존재임... 그럼에도 항상 북괴 요원은 멋있게 포장하고 있음... 정말 제대로 정신나간 영화계임... 그리고 세상에 북괴요원하고 FBI하고 무슨 공조를 한다고 함... 위조달러 유통하고 해킹하고 마약밀하는게 북괴 노동당에서 김정은의 지시를 받고 직접하는 범죄자 집단인데... 정말 좀 말같은 소리로 영화를 만들어야 됨...
2022-09-14T08:46:21Z,벤 참,1,장명준 연기 조낸 잘함.. 현빈 등보다 훨 잘하드만
2022-09-14T08:41:13Z,욘 다,2,이거 어제 봤는데 겁나 재미있음
2022-09-14T05:26:08Z,모카라떼,2,Fbi 이거 빌런인거 딱봐도 보인다 보여
2022-09-14T05:23:24Z,철과자,5,진짜.. 이거 안보면 손해입니다..
2022-09-14T05:21:29Z,김송희,3,물고기때리면 피싱범죄 인가???
2022-09-14T02:47:55Z,pilkiy,0,개인적으로 영화인건알지만 주인공들은 총을 너무 안맞는다 싶었음 ㅋㅋㅋ그래도 한두발은 맞을줄 알았는데 주인공들은 총알 다 피해감. 공방 폭발씬도 사는게 말이 안되는데 다 살아서 좀 놀라긴 했고. 전체적으로 보면 꿀잼이긴했음 ㅋㅋ!! 윤아가 현빈 시험한듯 일부러 질투유발해서 철령이 반응볼려 그런거같음 헤니한테 좋아하는척 한거 ㅋㅋㅋㅋㅋ
2022-09-14T02:19:31Z,어쩔,0,역시 장이수 답다 도망가는건 ㅋㅋㅋㅋㅋㅋㅋㅋㅋㅋ
2022-09-14T02:02:00Z,BONGDAAL,1,현빈이랑 다니엘 헤니가 얼굴로 차력쇼 하고 있는데 난 진선규한테 감겨서 나옴.......
2022-09-13T17:10:48Z,YuTae Jeong,1,껄덕대지말라
2022-09-13T13:58:38Z,서동현,5,공조2 졸잼...3나왔으면..ㅠㅠ
2022-09-13T13:32:58Z,lv16jismij,11,"2:19 키보드로 사람 패면 사이버범죄.
돈으로 패면 금융범죄.
계산기로 패면 디지털범죄.

완전 탁월하다 진짜. 개봉 5일 후인 어제 자동차 영화관에서 가족이랑 20년만에 본 영화임."
2022-09-13T11:57:42Z,박경미,1,왜 현빈 대사할때마다 사랑의 불시착이 겹치는것인가 ㅠ
2022-09-13T10:42:34Z,장 재영,0,철령과 민영의 관계 변화도 재미있었음
2022-09-13T10:42:22Z,박진용,0,다니엘 헤니 다음은 설마 이병헌?
2022-09-13T09:30:51Z,에시츕,1,"다니엘 헤니 얼굴이 너무 재밌었습니다. 유머코드도 맞았고, 특히 다니엘 헤니의 러시아어 장면잌ㄲㅋㅋ"
2022-09-13T08:04:39Z,넥서스고고,0,애기 엄청 컷네 ㅋㅋ
2022-09-13T07:55:59Z,멍땔와이쿼녹스위브,0,현빈씨 공조3 에서는 남한 재벌 딸  손예진  꼬시는 역할도 추가
2022-09-13T07:44:09Z,어린놈이 꿈을 꾸었구나,0,좌빨영화네요 재미도없고 액션도 별로고 북한말투도 다들 어색하고 한마디로 졸작임
2022-09-13T06:15:13Z,박광주,0,현빈 목소리   안어울림 ㅋ
2022-09-13T04:36:25Z,바닐라초코,0,"우리나라 감독들은 북한에 대한 무슨 향수가 있는 듯.
북한 첩보원이나 간첩들은 절세 미남에 몸짱이고, 우리나라 공무원들은 약하고 배부른 돼지로 묘사함."
2022-09-13T04:34:49Z,얍둘알리3세,0,내용 모르고 걍 봤는데 친북 좌파영화같아서 개싫었음
2022-09-13T04:34:29Z,미드 조이,1,영화 끝나고 쿠키 재밌던데
2022-09-13T03:27:54Z,김서희🍅,3,1에선 물먹인 휴지ㆍ2에선 짬뽕국물먹인 파리채 액션신  현빈 진짜 보는네네 한눈 팔수가없도록 액션신 멋지고 재미있었어여 🤗🤗🤗
2022-09-13T02:58:55Z,캐슬리안,0,공조2 부제 : 사랑의 불시착??? ㅋㅋ 반가운 얼굴들이 많아서 더 재밌을 것 같아요 ㅎㅎ
2022-09-13T02:46:45Z,헬뇽,1,어떻게 현빈님은 뒷통수도 잘생겼죠..
2022-09-13T02:06:35Z,수소주,1,"도대체 이런 스토리는 이해가 안되네.
머리위에 핵폭탄가지고 장난치는 사이코수괴랑 사상무장이 철저한 인간들.. 공조? ㅅㅂ 누구를 위한 영화냐?"
2022-09-13T00:10:28Z,시라소니,1,파리채로 공격 당한 양아치들 ㅋ
2022-09-13T00:05:28Z,황동건,1,"극장가서 봤더니 웃음소리가 여자웃음소리밖에 안들리더라
여자들 설레 죽을라하더라"
2022-09-12T23:16:32Z,수니뭉이,0,목소리 넘 좋아요~구독과좋아요.꾹꾹~!!
2022-09-12T23:00:38Z,씨줄날줄,0,공조2. —> 사랑의불시착2
2022-09-12T22:40:47Z,제천대성,0,"윤아 조카 많이 컸네 애들은 빨리 큰다더니 애만 바뀐거 같잖아
공조1을 어제 찍고 공조2를 오늘 찍었다해도 믿겠는걸"
2022-09-12T21:23:07Z,블랙미의 캘리그라피 그림,0,[영화. 공조2] 보여주신 영상으로 캘리그라피그림으로 해석한 작품입니다. 영상 소개해주셔서 감사합니다.  ➲➲ https://youtube.com/shorts/YwNgj6GKOh4?feature=share
2022-09-12T18:43:43Z,Jimin Lee,0,악역이 의외로 매력이 없어서 마이너스임
2022-09-12T17:46:03Z,밖서준,1,현빈 진짜 잘생겼다 ㄷㄷㄷ...
2022-09-12T17:17:46Z,쑤우니,0,끝날때까지.. 진선규가 나온지 몰랐음..
2022-09-12T17:05:13Z,김스트리머,2,"공조1 재밌게 본 사람으로 한 가지 고증 오류가 있다면 남남북녀라고 해서 
원래 옛부터 남쪽은 남자가 잘생기고 여자는 광대 툭 튀어나오고 눈 찢어진 에미나이들이 많았고 북쪽은 남자들 못 생기고 여자들이 키도 크고 쌍꺼플에 자연미인 많은건데 그게 아쉽네요
현실도 남한여자들 고등학교 졸업하면 쌍수나 코수술은 시술이라고 우김 턱뼈 깍아내야 수술이라 할 정도로 거의 다 성괴들임"
2022-09-12T16:21:17Z,유누 김,0,터.. 털보짱..
2022-09-12T15:03:31Z,Ssam Park,0,북한 찬양인겨?
2022-09-12T14:52:52Z,ᄋ ᄋ,0,개꿀잼이였어요💗 솔직히 여자분들이라면 진짜 꼭봐야함 대형스크린으로 눈호강하고 오세요ㅠㅠ
2022-09-12T14:32:05Z,최민석,0,오늘은 쉬는 날이라서 극장에서 보고 왔습 니다.
2022-09-12T14:22:36Z,dd,0,진심 개노잼
2022-09-12T14:11:20Z,사오,0,장명준... 더블비..?
2022-09-12T14:10:52Z,ㅋㅋㄹㅃㅃ,0,나 영화관에서 봤는데
2022-09-12T14:00:20Z,RQWE,2,???: 화장실이 어디에요!?
2022-09-12T13:42:09Z,대써!!대써!!,0,진선규배우의 액션이 정말좋았음!!
2022-09-12T13:40:36Z,* heute,0,최고다 ㅋㅋㅋ
2022-09-12T13:18:33Z,SON톱,1,좀만 기둘려라~ 곧 극장으로 보러간다!!!
2022-09-12T12:41:34Z,Excellent Counter Measure HL,0,빨갱이 엉화네
2022-09-12T12:31:15Z,MK Kim,0,영화 먼저 보고 이거 보는게 나아요
2022-09-12T12:25:52Z,김정아,0,다니엘헤니랑 현빈 얼굴보느라 내용은... ㅋㅋ
2022-09-12T12:22:21Z,서윤희,0,천만가즈아
2022-09-12T12:21:41Z,슬림,0,ㅈㄴ잼겟다
2022-09-12T12:18:12Z,지윤,0,"오늘 봤는데 배우들 그냥 연기가 개오짐
ㅜㅜ"
2022-09-12T12:09:40Z,gyuhong lee,0,재미있군
2022-09-12T12:08:05Z,OH촌딱,0,공조2  진짜 시간 순삭이에욬 ㅋㅋ공조가 공조했다 ㅋㅋ
2022-09-12T11:52:05Z,노래방마스터,0,"응신 과 싸신...
응싸!!!"
2022-09-12T11:50:42Z,최민진,0,공조 1  지금 막 봐는데요 현빈  임철령 만  벗 있게 나오던데요   몸 매 싸움 잘생긴  북한 의 최고 엘리트 용사  임철령
2022-09-12T11:46:09Z,happy 강토 봄이네,0,"리정혁 아부지..?
여기서는 관계가 어떻게 나오나여?
아직 영화를 안봤지만 스포당하고
알고보는게 좋아서요!"
2022-09-12T11:29:05Z,코리오틀,0,키보드로때리면 사이버 범죄면   학생으로때리면 학교폭력임 그러면
2022-09-12T11:12:57Z,원자폭렬탄,2,"존나 재미없던데...
극장에서 본거 개후회"
2022-09-12T11:07:58Z,재연 이,0,"윤아는 조연에서 주연으로 떡상하더니
눈에 뵈는게 없나보네요~~ㅋㅋㅋㅋㅋㅋ"
2022-09-12T11:02:10Z,대원산업,0,공조2 어제 봤는데 오랫만에 재밌게 본영화입니다.
2022-09-12T10:58:55Z,pnavpucahpca,1,폭탄처리범 드립이 개웃김 ㅋㅋㅋ
2022-09-12T10:55:38Z,아이엠블링크,0,"이영화는 미국이세팅하고한국이만들고북한이마무리한영화다 라고 저는생각해요
마지막에
다니엘 한테 찝쩍대지말라우 하는거존멋"
2022-09-12T10:37:27Z,조건모,0,제 인생 최고의 영화 입니다 진짜 강추..
2022-09-12T10:33:55Z,유기홍,0,700만 예상해봅니다
2022-09-12T09:03:58Z,승민 한,0,사랑의불시착에서 아빠랑아들이 북한역활 똑갇넹ㅎㅎ
2022-09-12T08:24:39Z,코아,1,오늘보고옴   ♡  내사랑 현빈 ♡
2022-09-12T07:47:22Z,말새끼,0,1:23 이장면이랑 브금부터해서 느낌이 캡틴아메리카 윈터솔져랑 비슷함
2022-09-12T07:19:58Z,kiki,5,"극장에서 봤는데 옆에분 웃음소리 때문에 더 웃겼음.......
9:06 나올때 여자 관객분들 다 와아..~ 이러심ㅋㅋㅋㅋ"
2022-09-12T07:14:04Z,한이서,2,보면서 계속 한국 액션영화는 북한이랑 조선족 없으면 못만드나하는 생각만 들었음
2022-09-12T06:42:28Z,pnoki,1,진짜 ㅠ 겁나 웃으면서 너무 재밌게봄 ㅠㅠㅠㅠㅠㅠㅠ
2022-09-12T06:04:56Z,7777svjjj,3,간만에 생각없이 재밌고 엄청 웃고 나왔던 영화 강추합니다 진짜 ㅠ 대신 여자친구랑 가면 여친 리액션 다 이해해줘야.. ㅎ
2022-09-12T05:22:11Z,에스터_아델,12,진짜 분명 액션영화인데 중간중간 나오는 코미디랑 유해진 배우 입담이 레전드였음 ㅋㅋㅋㅋㅋㅋ
2022-09-12T04:59:25Z,qzreen,0,코믹장면 거의 예고에서 다 보여줘서 그나마 웃을장면에서 못웃고. 중간중간 늘어져....확실한거는 예고보다 재미없습니다.
2022-09-12T04:46:40Z,빵뚤,0,"오리가 꽥꽥
늘 그렇듯

보라색은
러브의 방탄소년단

간디가
다다다다 뛴다"
2022-09-12T04:40:14Z,agnom Y,0,배우들 너무 화려한데 ㅎㅎ
2022-09-12T03:57:29Z,country balls,0,무배다
2022-09-12T03:28:13Z,경관 💜,0,ㅈㄴ 재밌음 꼭보세요
2022-09-12T03:23:05Z,YS You,0,예고만 봐도 안다.  꿀잼 일듯 ㅋㅋ
2022-09-12T02:47:30Z,주안,1,초반에 진선규가 탄 스포츠카 모델 아시는분..
2022-09-12T02:35:36Z,유디,46,그냥 추석에 가볍게 웃으며 보기 좋은 영화...개연성이랑 스토리가 살짝 빈틈이 있지만 배우 얼굴들이 다 캐리하니까 뭐...오랜만에 극장에서 관람객들이 다 웃으면서 보니까 좋더라구요
2022-09-12T02:21:18Z,임채홍,1,번창하세요!!!!!
2022-09-12T01:54:16Z,김군,1,이번 추석때 무조건 영화를 봐야되는 상황이 됐는데 마침 극장에 걸린 영화가 몇 개 안되는 바람에 하마터먼 공조2를 볼 뻔했습니다. 그래도 어떻게든 공조2는 피해야 겠다고 생각해서 육사오를 보고왔네요. 공조2 볼까봐 진짜 스릴감 넘첬습니다. 공조 1을 쌍욕하면서 봤기 때문에 공조2는 안보려고요. 현빈 연기 극장에서 한번 더 보게되면 트라우마 걸려 당분간 극장 못갈거 같아서 ㅠ
2022-09-12T01:40:57Z,기 멀,0,사불의 리정혁 총정치국장 윤세형이 다나왔네
2022-09-12T01:23:28Z,뭐지뭐지,0,구독 ㅋ계속 안누르고 잇다가 결국 눌럿습니다 ㅋㅋㅋㅋㅋ
2022-09-12T00:43:20Z,파닥몬,0,갠적으로 범죄도시2보다 꿀잼
2022-09-11T23:21:11Z,Simontempler7,2,"북한에 도저히 있을 수 없는 의로운 형사 포장 캐릭터! 현실과 너무 동떨어진, 북한 체재 홍보 친북 영화 ! 재미에 빠져 저들 공산 체재를 찬양하는 것을 간과해서는 안 된다. 차라리 유해진 역이 북한 형사라면 좋은 영화로 인정하지만."
2022-09-11T22:37:18Z,AJ빌런,0,"유해진 액션40% 코믹60%
현빈 액션75% 코믹25%
다니엘헤니 액션70% 코믹30%
진선규 코믹없는 진지한 악역
임윤아 액션없는 코믹 처제
추천하고싶은영화 1편이후 현빈의 액션이 너무화려하고 코믹씬을 넣어준게 범죄도시2보다는 잘만들었다고 생각함"
2022-09-11T22:31:32Z,동하령,0,1보다 재밌던거 같던데 난
2022-09-11T18:46:25Z,유블리,1,나만 제2의 사랑의 불시착 보는기분이였낰ㅌㅌㅌㅌㅌㅌㅋㅌㅌ
2022-09-11T17:54:58Z,안살서,0,나온지 별로 안됬는데 이래도 되는겨?
2022-09-11T17:34:49Z,휘핏,0,"강추강추
딸램 돼지저금통 털어간범인은 아빠ㅡ유해진 입니다 ㅋㄱㅋㄱㄱㄱㅋ"
2022-09-11T16:35:29Z,유미,0,모르겠고 영화보고 나니까 북한측 숙소 사장님 존나 불쌍함 그냥 그리고 헤니 얼굴 개미쳐씀
2022-09-11T16:26:42Z,김정희,0,"윤아가 감초네.
윤아와 다니엘헤니 처음 만나는 장면에서 영화관에서 다들 웃고 난리."
2022-09-11T16:18:09Z,Jin Kim,0,"스포









마지막에 드론이 나라 살림"
2022-09-11T15:53:33Z,허진,1,장난질잘못하면 아죽소
2022-09-11T15:45:18Z,deedee,2,그냥 추석에 가족들이나 연인들끼리만 보러가야하는 영화.. 유치한 스토리전개와 긴장감이 1도없는 액션신때문에 혼자가면 잠만 솔솔올듯 북한 특수부대라는것들이 모여서 그렇게 쏴재끼는데 뛰어가면서 총알 다피하는거보니까 진이다빠짐 미국 fbi는 그렇게도 줫밥이더만 현빈은 히트박스가 작은건지 아예 한발도 안맞더라 그래도 개그는 유쾌하니 봐줄만함
2022-09-11T15:38:53Z,G A,0,어머 삼순이이후로 다니엘헤니랑 현빈 다시 만난건가?????
2022-09-11T15:32:21Z,雪狐-설호-雪狐,0,유해진 그래도 하는거는 많아요 캐릭터 자체가 그래서 그렇지ㅋㅋ전투 말고는 거의 다 하던데요?옆에 캡틴 아메리카랑 아이언맨이 있는데 앤트맨이 뭐하겠어요ㅋ
2022-09-11T15:16:37Z,Kkzzww,11,진짜 윤아나올때마다 극장 사람들 다 깔깔대고 웃느라 죽는줄 ㅋㅋㅋㅋ오랜만에 극장사람들 전부 소리내서 웃음 ㅋㅋㅋ너무 귀여워 윤아 연기도 왜케 잘함? 다니엘 헤니랑 현빈 존잘이고 액션 개쩜 ㅋㅋㅋㅋㅋㅋㅋ또 보고싶다ㅠㅠ공조3 나와주라
2022-09-11T15:08:58Z,금은동,2,너무 뻔해서ㅠ 킬링타임용ㅠ
2022-09-11T14:56:01Z,뷁,0,갠적으로 작전 실패하고 엑시트2로 나오길 잠시 기대함
2022-09-11T14:52:19Z,코로나이겨내자,36,공조2 본사람은 솔직히 림철령의 마지막 대사가 킬포인거 아실겁니다 사실상 그 막컷 볼라고 보는 영화ㅋㅋㅋㅋㅋㅋ
2022-09-11T14:45:02Z,태경,1,진짜 재밌었어요 1못지않음 그리고 쿠키영상이 정말 찐입니다…또 보고싶네
2022-09-11T14:06:35Z,김에어팟,1,껄떡대지 말라
2022-09-11T14:03:47Z,김상숙,0,오늘 보고왔음!  껄떡 대고 봐야함 ㅎㅎㅎ
2022-09-11T13:49:10Z,ㅡㅡㅡ,10,공조2에선 브금을 진짜 잘 활용해서 더 좋은듯.. 모든 면에서 공조1보다 질 높아졌고 브금이 주는 영향이 은근 큼..
2022-09-11T13:38:54Z,마라탕중독자,0,보고왔는데 진짜 개 재밌음
2022-09-11T13:37:50Z,지홍팍,0,현빈 진짜 ㅈㄴ 잘생겼네 ㅅㅂ..
2022-09-11T12:56:37Z,로메로,0,진선규 마지막에 옥상에서 자살하는거 짠함 ㅠㅠ 그리고 폭탄 멈추는 열쇠 드론으로 띄운거 지렸다 ㄹㅇㅋㅋ
2022-09-11T12:52:04Z,이으,5,이틀전에보고왔는데 진심돈아깝고 시간개아깝고 여친땜시 억지로봤다 올해영화중에 아니 이태까지 본 영화중에 손에 꼽을정도로 재미없고 유치하고 뻔하고 진심 추석에 볼거없어도 이거보지마라진짜 웃기지도않는 개그존나나오고 대사는 욕처나올정도로 유치하고 스토리도 진짜일차원적이고 아오 무튼 보지마셈 2022년에 이딴영화가 나온다는게 신기할따름임 한5~6년전 아니다 10년전에 나왔어도 욕처먹을 영화임
2022-09-11T11:59:44Z,구독자,0,낼 보러가는데 기대 되네요ㅎ
2022-09-11T11:29:42Z,이징어,1,얼굴이 아주 재밌구만..
2022-09-11T11:18:47Z,사이다,2,윤아가 진짜 개예뻐요...미쳐써!
2022-09-11T11:06:52Z,창렬스러운 혜자 누님,145,"유해진, 현빈, 다니엘헤니 셋 케미가 진짜 재밌었음 ㅋㅋㅋㅋ 1은 코믹물 보단 진지한 수사극 위주였다면 2 비중이 완전 코믹물 범벅인듯. 특히나 몰래 도청 시도하는 요원이 포스트잇 으로 뭐라고 써놓는것도 ㅈㄴ웃김"
2022-09-11T10:23:27Z,쏠쏠쏠,0,재밌음
2022-09-11T10:18:07Z,행복,6,"1편보다 훨씬  더재밌었음
오늘 정말 재밌게 보고 왔네요"
2022-09-11T09:51:50Z,개척자,0,북한미화하는 좌빨영화
2022-09-11T09:09:20Z,나야나,0,저기 고깃집 이름 기억나시는분 ..
2022-09-11T08:37:35Z,Gwen Lee,0,신문이 아니라 '심문'이죠!
2022-09-11T08:35:06Z,지이,0,오늘 봤는데 진짜 ㅜ 레전드 재밌어요 다들 보러가세욤 진짜ㅜㅜ
2022-09-11T07:45:30Z,잡솨 응?,1,"해진 형님이 딱 세쌍둥이중 첫째 같네요. 어쩜 저렇게 세분이 닮았을까요?🤔 
눈 두개, 코 한개, 입 한개...  헐 귀도 딱 두개네... 완전 붕어빵!"
2022-09-11T07:27:28Z,주린이 TV,2,이 영화의 진짜 승자는 윤아임...
2022-09-11T07:21:54Z,아놔진짜,0,뭐야 리정혁이랑 아버지가왜ㅋ
2022-09-11T07:00:31Z,Philp K,6,"누군가는 추석영화가 따로 있는게 아니라고 했는데 그렇지 않은듯. 평론가가 별 5개주고 메세지 심오하고 반전에 반전, 스펙타클 해도 부모님과 같이 보기에 난해하거나 어울리지 않는 소재 영화들도 많은데, 이런 영화가 가족,친척끼리 가볍게 보기 딱 인 추석영화인 듯."
2022-09-11T06:31:46Z,골드크로스,2,말투가 웃기는기래
2022-09-11T06:10:50Z,가을아침,0,완전스포네
2022-09-11T05:40:07Z,사람,0,"솔직히 영화 보기 전에 G무비가 살짝 알려주
는 영상 보고 보면 '스포'라기 보다 ""아 저거!""
라고 머릿속의 뇌리를 스쳐감."
2022-09-11T05:33:51Z,가을하늘,2,"오늘 보고 왔는데
진짜 기대이상
꿀잼이었네요 👍"
2022-09-11T05:29:03Z,flying crush,3,진짜 공조2 영화관에서 봤는데 겁나게 웃기고 스릴감 있습니다 너무 재밌고 한번 꼭 보세욧 ㅎㅎ
2022-09-11T05:27:02Z,Serendipity,0,더 북한 높은 사람역할 남자분 사랑의 불시착에서 현빈 아버지 아니였나요? ㅋㅋㅋ 다들 잘 어울리시네요👍
2022-09-11T05:04:15Z,김인호,8,방금보고왔는데 겁나재미있음 공조3도나왔으면좋겠다
2022-09-11T04:45:44Z,ൈ,1,올만에 재미나고 시원하게 잘 봤습니다.
2022-09-11T04:22:43Z,madpunk2id,0,어어 저거 리정혁 아니네?? 임철영이 아니라
2022-09-11T04:06:08Z,gjzke 100,2,"스포주의





왜 나는 남는게 '화장실 어디있어' 랑 '찝적대지 말라우' 밖에 없지 ㅋㅋㅋㅋ"
2022-09-11T03:12:38Z,문명5수학,3,현빈과 다니엘헤니가 액션으로 중심을 잡았다면 윤아가 코믹의 중심을 잡고 유해진이 코믹과 액션 소금같은 역할을 함. 1보다 훨~ 씬 낫고 1천만 이상 예상 각이고 옥의 티라면 초반의 탈출폭파장면 일부는 윈터솔저와 비슷하다는 것 정도! 공조3도 나오겠네요. 북한 핵무기 코드 가지고 글로벌하게 가면 되겠네요! 이번엔 중국도 끼워서! 윤아님이 중국어 자격증도 땃다죠!
2022-09-11T03:04:47Z,all that love,0,같은 대사도 유해진이 하면 다르내...
2022-09-11T03:00:54Z,New๛captain,0,지무비형은 연봉 36억인가?
2022-09-11T02:53:27Z,all that love,0,터지는 장면 어벤져스 한장면인줄....
2022-09-11T02:45:54Z,Dane,1,11:01 진짜 멋있다 ㅠㅠ
2022-09-11T02:33:13Z,진주,4,진선규 진짜 연기 개잘해 북한말까지...
2022-09-11T01:58:28Z,의ㅔ,3,공조 2 어제 보고왔는데 ㅈㄴ 재밌습니다
2022-09-11T01:09:45Z,Michelle Park,1,눈도~~ 비주얼로 시원 합니다 ㅎㅎㅎ
2022-09-11T01:09:30Z,수련,1,가끔씩 개그 포인트가 있고 잭이 잘생기고 ㅎ 볼만합니다
2022-09-10T23:34:43Z,신저팔개,2,영화보고왔느대재미드라고요.
2022-09-10T20:46:44Z,미라클,0,기대이하였음
2022-09-10T17:28:15Z,에헤이,2,근데 욕 할정도로 재미없다는 사람들은 도대체 어떻게 살아가는 새끼들일까
2022-09-10T17:23:03Z,박은주,1,유해진오빠 왜케연기잘하는겨 ㅎ연기로봐선 다니엘헤니 현빈 외모를 누르는 연기 최고  👍
2022-09-10T16:48:46Z,울퉁불긋,7,오늘 봤는데 드립도 신선하고 액션도 개꿀 800만 이상 예상합니다
2022-09-10T16:05:14Z,kiki,2,희대의 망작에 눈물이 ㅋㅋ
2022-09-10T15:29:07Z,푸른구름아,3,내가 이때까지 본영화 중 최고임
2022-09-10T15:28:08Z,캣오나인테일,2,와 재미있겠다 보러가야겠네요~
2022-09-10T14:52:35Z,정웅영,2,"영화공조2:인터내셔날2022.09.07대개봉해서 오늘 꼭보고왔다 재미있게 보고나와서  공조2:인터내셔날필름마크를  선물로받았다
공조2:인터내셔날영화가 참웃음이많더라 대박나십시요
💯👍👏현빈멋지다"
2022-09-10T14:40:04Z,lilylily lee,2,"유투브짤보다 훨씬 잼나요
꼭보셈"
2022-09-10T14:16:11Z,진샘,91,공조도 시리즈로 나오길래 공조1 너무 재밌게 봐서 어제 가족들이랑 영화관가서 보고왔는데 중간 중간 웃긴 포인트도 많고 너무 재밌게 봄. 진선규 배우님 나오시는지 몰랐는데 보자마자 너무 반가웠다.. 삭발도 장발도 다 어울리시네..
2022-09-10T14:06:37Z,ᄋᄋ,1,화장실이 어디있어!!!!!!!!!!!!!!!!!!!!!!!
2022-09-10T14:06:11Z,창해유주,2,"오늘 관람했음
중반쯤에 존나 웃기고
후반쯤에 총격 액션 위주임"
2022-09-10T13:54:18Z,박태원,12,8:14 윤아 진짜웃기네 ㅋㅋㅋ
2022-09-10T13:33:04Z,ᅵᅵ,5,오늘 봤는데 극장에서 사람들 다 웃음 ㅋㅋㅋㅋㅋ
2022-09-10T13:02:57Z,RAY KIM,0,북에 외모든 내면이든 현빈같은 애 없으되 진실로 없도다..
2022-09-10T13:02:32Z,홍낭자,1,"3:21 진짜예요??? 네?? 아니 ""전업 유투버"" 지무비님이 잘 아실듯?ㅋㅋ"
2022-09-10T12:44:24Z,kim 6974,0,북한군 좃나게. 미화하네
2022-09-10T12:33:45Z,카지노킹카라,12,오늘 보고왔다...개인적으로 범죄도시2보다 재밋엇다ㅋㅋㅋㅋ 일단 피식포인트가 많아서 공조3도 개봉했으면 ...물론 유해진가족 다데리고 미쿡으로..ㅋㅋㅋ
2022-09-10T12:02:16Z,홍튜브,7,억지웃음에다가 이게 유해진 현빈 다니엘이 맞나싶을정도의 발연기로 보는 내내 부끄러윰은 나의 몫이었다.감독이 문제였던건지 시나리오가 문제였던건지...3편은 없는걸로하자!
2022-09-10T11:59:20Z,JayC,0,내이름은김삼순 생각나네요 ㅋㅋ
2022-09-10T11:27:00Z,벤투,4,막상 보니 재미없음 ㅋㅋ 원작이 임팩트강햇던터라 역시 머든지 원작을 못따라가는법 ㅋㅋ
2022-09-10T10:51:06Z,봄날,0,"영화 재미있기는 한데요. 개인적으로 당분간 이런 말도 안되는 남북 합작 수사. 깡패영화 좀 안만들었으면 좋겠네요. 북한 김정은이 죽어도 핵포기 안한다고 하고, 우리사회 마약과 부동산, 주가조작등 뒷배경에 조폭이 넘친다는 데, 이게 말이 됩니까?"
2022-09-10T09:29:40Z,가즈아,4,재밌었다 말그대로 재미 그 자체를 위해 만든 영화다 시간 금방 지나간다  뭐 작품성 감동 그런거 따지는 성격이면 걍 3대 영화제 작품 찾아봐라ㅋㅋㅋ
2022-09-10T09:22:55Z,김형진,4,영우 아버님 털보 사장님 왜 이러세요...
2022-09-10T09:00:20Z,Gustave,0,북한 군부 비밀계좌 들고 나른 북한놈 잡는데 왜 한국이 도와주냐. 1조면 핵개발에 쓰고도 남는 돈인데. 남북관계도 안좋은데 별 말같지도 않는 설정이냐
2022-09-10T08:42:11Z,shana Y,3,재밌어요 또 볼거에요❤️
2022-09-10T08:09:12Z,송운당 하경서재,4,"오늘 봤습니다 
잘난 남자들땜에 하얗게 웃은 
한가위였다는 ...ㅎㅎㅎ"
2022-09-10T07:52:52Z,이영광,1,진선규가 멋있어요
2022-09-10T07:33:29Z,mm jj,3,연예인은 연예인들이다 다들 늙지도 않고 그대로네
2022-09-10T07:11:59Z,정창용,0,초반에 풀려나는 장면...윈터솔져가 생각나는건 나뿐인가....
2022-09-10T07:08:44Z,반박시니애미,2,재밌는 씬이 진짜많음  킬링타임용으로 매우추천 1보다 잘나옴
2022-09-10T07:06:58Z,반박시니애미,0,세르게이가 사실상 승자인영화
2022-09-10T06:56:06Z,박수,1,여기서 봐서 극장 안가도 되겠노.
2022-09-10T05:17:49Z,형 석,0,Z
2022-09-10T04:00:00Z,홍승지,0,재밋겠따.
2022-09-10T03:33:32Z,jaeho moon,1,왜 영화는 표절에 자유롭지?
2022-09-10T03:05:26Z,홍선협,0,"https://youtu.be/12_H_uLbk58🤴안보면 손해 😰0️⃣👈

🤴허경영 신인님의 신기한 영적에너지 뿜뿜 🥳
당신이 믿으면 많은걸 얻는다🎁🤲💑💸🥳
당신이 의심하고 믿지않으면~손해지뭐 국물도 없지유 ^^~🥵👈"
2022-09-10T03:02:43Z,평화주의자,2,공조 2 봤는데 다니엘 헤니 러시아인 연기할때 겁나 터짐 ㅋㅋㅋ  게이냐고 ㅋㅋ
2022-09-10T02:58:35Z,소소한행복,2,"육사오보다 잼있음
1탄보다 재밌던데~"
2022-09-10T02:28:15Z,김동완,1,ㅋㅋ재미있어졌어 ㅎㅋ 공조2
2022-09-10T00:40:14Z,kudack82,0,오랜만에 중간에 보다가 나온 영화
2022-09-10T00:08:14Z,기미겨미,2,1보다 더 재밌음 ㅋㅋㅋㅋ 1 기억안나서 2보기전에 1보고 갔는데 딱이었음
2022-09-09T23:07:15Z,박진국,3,"어제봤는데 재밌어요ㅋㅋ 
많이 보러가세용ㅋ"
2022-09-09T23:03:51Z,2기,1,총은 암만쏴도 안맞고 칼은 암만 힘줘도 목앞에서 멈추고 폭탄은 뒤져도 1초전에 해체되고ㅋㅋ
2022-09-09T20:34:28Z,노래,1,"진선규 아저씨 조연으로 나오다가 
주연으로 성장했다 ㅠㅠ 
조연으로 노력하다가 상을 받고 
이번에는 주연으로 ㅋㅋㅋ"
2022-09-09T18:48:46Z,monsu woo,0,영화인데 왜 북괴로도당들 포장질하고  이미지좋게 만드는게  요즘 괴뢰감과 거부감이 너무 드네
2022-09-09T18:28:47Z,이름,0,쿠키가 ㄹㅈㄷ임 꼭 봐야됨
2022-09-09T17:23:22Z,김건,0,북한캐릭 사랑의불시착 캐릭인데 ㅋㅋ
2022-09-09T17:22:40Z,시름조름,0,재밌더라 티켓값 안 아까웠음
2022-09-09T17:01:05Z,EQ480 K,1,와 개재밋겠다 ㅋㅋㅋㅋ
2022-09-09T16:31:02Z,구공이,0,토렌트 올라오면 다운로드 해야징
2022-09-09T16:06:02Z,류지민,0,처음에 10달러 100달러 그 대사 나올 때 배우가 누군가요
2022-09-09T15:44:37Z,Zion Canyons,4,어으 재 소녀시대는 연기 더럽게 못하는데 또 나왔어??
2022-09-09T15:37:47Z,김성호,1,제밌어요 보고오세요ㅅㅅ 편안하게 제밌게 봤습니다.
2022-09-09T15:14:05Z,Yu언해,3,유해진 딸로 나오는 저  귀여웠던 꼬마는  무슨일이 있었던 거냐
2022-09-09T14:25:52Z,바보,0,"아 대한민국 
재미있게 잛보았어요..
다니엘 님 한국에서 오랫동안 활동했으면
나 같으면 한국말 공부했을것  같아요
하긴한국말  배우기가 힘들지요"
2022-09-09T14:07:27Z,pont pont,2,뻔한 예상 가능한 전개 그저 그런 범죄액션 빨갱이 미화영화 잘보고왔습니다
2022-09-09T13:59:54Z,bong bong,0,정확하게 스낵무비 라는 표현
2022-09-09T13:34:12Z,wldnjs wkf,7,어제 1보고 보통 시리즈하면  2는 재미없길래 보지말까 고민하다 2 예고보고 재밌을것같아서 보고왔는데 역시 너무 재밌음 2가 이렇게 성공적일줄이야  캐미.코미디.스릴러 더 업그레이드되었어요
2022-09-09T13:07:14Z,세욱,2,조선소년단에서 터짐 ㄹㅇ 존나ㅋㅋㅋㅋㅋㅋㅋㅋㅋㅋㅋㅋㅋㅋㅋㅋㅋㅋㅋㅋ
2022-09-09T12:34:08Z,SH LEE,4,현실감 없어 겉돈다. 재미있게 볼 수가 없었습니다
2022-09-09T12:14:08Z,이얏 후,0,갑자기 사랑의 불시착이 왜나오냐?ㅋㅋㅋㅋㅋㅋㅋㅋㅋㅋㅋㅋㅋㅋㅋㅋㅋㅋㅋㅋㅋㅋㅋㅋㅋㅋㅋㅋㅋㅋㅋㅋ
2022-09-09T12:11:46Z,zeroad80,4,아 윤아 진짜코믹물 넘 잘어울려ㅋㅋ
2022-09-09T10:54:53Z,유뻐기,1,유해진 싸움씬에 1에서 보다 엄청 늘었어요 ㅋㅋㅋ
2022-09-09T10:54:02Z,펭펭,1,마약사범 북한으로 보내면 국정원장이랑 경찰청장 깜방가는거 아니냐. 살인범 북한보냈다고 전 국정원장 깜방가는 판에 빼박이지
2022-09-09T10:48:47Z,나무커피,1,엄청 후지네 ~~~  현빈은  왜  저런 영화 에~~
2022-09-09T10:31:42Z,좋은사람김군,5,"진짜 재미있음!!
금방 보고 왔는데 괜찮음!! 헐리웃 스케일!!"
2022-09-09T10:19:04Z,A-TOMOS,0,"설정이 너무 웃긴다!
북한애들 당에서 지시해서 마약하는데 잡는다니 이게 뭔 개소리야?"
2022-09-09T09:38:47Z,티모대령,0,1:23 워..월수선생??
2022-09-09T09:20:02Z,보구미정육점,1,"이건 대박은 모르겠지만 중박은 터트릴듯합니다. 주인공이 멋있잖아요 
멋있는 주인공이 망한 영화는 흔치 않습니다.
리얼은 김수현씨 멋있지 않습니다"
2022-09-09T09:16:52Z,정재고파,0,최악의영화~~
2022-09-09T08:27:52Z,봑이야대,5,북한빨갱이나오는 영화좀 그만 만들어라
2022-09-09T07:47:22Z,즐겜즈TY,0,ㅋㅋㅋㅋㅋ 장명준은 유튜버 더블비 ㅋㅋㅋㅋㅋ
2022-09-09T07:45:00Z,모두의천사,0,0:43 궁금해서 그러는데 ‘신문’ 이 아니고 ‘심문’ 이 맞지않나요?
2022-09-09T07:34:10Z,김부장,0,넘재미 없는 영화
2022-09-09T07:21:22Z,윤수영,0,"2:02
참고로 일반차량은 방탄이 안대서 적위치에 쏘면 바로맞아요
(미국경팔차 제외)"
2022-09-09T06:45:21Z,한석빈,0,현빈은 저러다가 월북하는거 아닌가
2022-09-09T06:38:17Z,조영주,2,"신랑이나 남자친구랑 가면 안됨!
영화 다보고 나오는 순간 내옆에 왠 오징어가....."
2022-09-09T05:48:58Z,BK chang,0,북한이 니들 친구냐?????? 적과 아군을 구분 못하는 요즘 애들 땜시 총구를 어딜 겨누어야 할지 참 난감 할세....영화는 영화다라고 하기엔 적색물이 너무 들어간 영화들 천지다.
2022-09-09T04:56:30Z,RedBananaBlueApple,0,레트로 감성 연출... 차 앞에서 서서 총쏘다가 맞고 경찰한테 덤비다 깨지는 깡패들 ㅋㅋㅋ
2022-09-09T04:27:27Z,최경혜,1,싱그운 영화라 코믹도아니고 그렇다고 진짜  긴장감 느껴지는 영화도아니고  추석이니까  사람들은  보겠더라만
2022-09-09T04:26:07Z,총각귀신,1,재밌을거 같다우
2022-09-09T03:54:55Z,김대연,0,유해진 일당백에 빵 터졌다 ㅋ
2022-09-09T02:41:50Z,티몽,0,영화관 가서 봤는데 현빈이랑 다니엘 헤니 나올때마다 ㅈㄴ 아줌마들 다 꺅꺅 ~ 오또케~ 해대서 집중하나도 안됨
2022-09-09T02:41:35Z,젠틀허리케인,1,현빈 다니엘 누가 잘생김 승자냐??
2022-09-09T02:17:56Z,조춘장,1,이거 공조3. 나올까
2022-09-09T02:17:52Z,포클랜드양털,0,혜진이형 밥상이 너무 부럽네
2022-09-09T02:04:33Z,에어,1,9:50 빵빵 터트리고 있어요
2022-09-09T01:55:44Z,에어,0,1:24 탈모탄 Jo 빵빵 터트리고 있어요!!
2022-09-09T01:31:44Z,박병완,1,너무 재미있게 봄 스케일이 커졌어  근데 헌트가 더 재미있었어
2022-09-09T00:53:54Z,서준혁,0,유해진 개그 너무 식상하다 대본이 너무 유치해 너무 억지로 웃기려고 함 타짜때는 재밌었는데
2022-09-09T00:45:25Z,Jo's Music,13,캐릭터 한명 한명이 다 유쾌해서 너무 재밌음 ㅋㅋㅋㅋ 2가 1보다 더 재밌는 것 같아요
2022-09-08T23:03:03Z,세자매 라린아 유투바,0,"북한이 멋있으면. 북한가서
영화찍으세요 감독님~~"
2022-09-08T22:31:08Z,정라에몽,127,진짜 공조는 유머와 액션 같은걸 한꺼번에 느낄수있는 잘된 세트 메뉴(?) 같아옄ㅋㅋㅋㅋㅋㅋㅋㅋ
2022-09-08T22:16:32Z,뽀,12,진짜 이런 영화 무서워서 못 보는데 진짜 완전 재밌게 봤어요… 진짜 잘생기고연기잘하고재밌고스토리도잡고완전 내용전개도 좋고… 진짜 너무 재밌는 ㅋㅋ… 영화관에 또 보러 가야겠다…
2022-09-08T22:00:49Z,달려라청춘,0,재밌어 ㅋㅋㅋ
2022-09-08T18:30:59Z,Dongseob Choi,0,11:00 에 혹시 장만옥?
2022-09-08T17:45:18Z,Pasu Ggun,0,"다음부터는,영상 20분이상  스포제대로 해주면 좋은데.."
2022-09-08T17:20:42Z,Hoyeon Lee,0,"이렇게 다 보여주면
누가 영화를 보나....
15000원 굳었네"
2022-09-08T17:12:20Z,allen bary,0,"아 세기말 스토리를 2022년에 볼수있다니. . ,  세계가 주목하는 이시기에. . ,"
2022-09-08T17:02:42Z,최우성,0,"공조2 한줄평
현빈, 유해진, 다니엘 헤니 스쿼드 : 오늘 저녁은 치킨이닭!!"
2022-09-08T16:46:42Z,조재원,3,"오늘 봤는데 준나 재밌음 특히 마지막에 
현빈 졸라 멋짐"
2022-09-08T16:40:04Z,Lucky Kim,0,아우... 저 인간이 또오~  빵터지는 찰진 대사와 탄탄한 코믹연기는 왠만한 액션 뺨 친다. 영화 보는 맛.
2022-09-08T15:56:24Z,박상현,2,윤아 누나가 이번 영화에 재밌으면서도 클럽씬에선 반했음..
2022-09-08T15:50:46Z,LINN CHOI,0,분명 때려 뿌시고 총알과 사람이 날아다니는데 중반 이후 세상 지루한 영화.... 같이 본 안사람은 빠른재생 정말 간절했다더군요
2022-09-08T15:40:35Z,제시,0,"지금보고왔는데ㅋㅋㅋ
어쩌나....ㅋㅋ
나만당할순없지ㅋㅋㅋ"
2022-09-08T15:16:20Z,폭주기관차,1,도중에 시간확인 안하고 재밌게 봤습니다
2022-09-08T15:01:25Z,ji h,36,현빈의 마지막 대사가 간지임 ㅋㅋㅋㅋ
2022-09-08T14:51:24Z,Harry Mione,0,7:12 ??? : 잡았죠?  ㅋㅋㅋㅋ
2022-09-08T14:22:01Z,가우디는사랑입니다,0,아웃겨..캠핑하시다 일하러 각자의 길로가시고 리정혁동무는 아부지랑 또 남조선과 엮었군요. 우리 혜진언니는 오디에 두고 ㅋㅋ
2022-09-08T14:08:49Z,정성훈,3,윤아넘좋음 제일웃김^^
2022-09-08T13:15:33Z,Sktpre선물,0,응원의 신 ㅋㅋㅋㅋ 이거보고 들어옴 ㅋㅋ
2022-09-08T13:12:31Z,ted na,2,북한 미화영화 또나왔네
2022-09-08T12:32:00Z,히읗,0,난 존나재밌었음 영화관에서도 사람들 이렇게 다 크게웃는거 처음봄 꼭보삼 개연성필요없고 간지and 주인공 개쌘거 좋아하는 사람들 그리고 윤아 미모
2022-09-08T11:57:47Z,김영삼,1,"영화 소개만 해라
영화에 아무 상관없는 잡소리들이 너무 짜증난다"
2022-09-08T11:49:22Z,Christine Kim,0,봐야지
2022-09-08T11:47:04Z,LEE YONG MIN,0,첫편보다 좋네 보고 싶다 영화관에서. 카메오로 손예진만 나오면 대박이겠는데.
2022-09-08T11:36:30Z,Kiana laurentina,7,키보드로 사람 패서 사이버범죄로 넣은거 ㅈㄴ 웃기네 진짴ㅋㅋㅋㅋㅋㅋㅋㅋㅋㅋㅋㅋㅋㅋㅋㅋㅋㅋㅋㅋㅋㅋㅋㅋㅋㅋㅋㅋㅋㅋ
2022-09-08T11:18:50Z,구종,0,총정치국장 아들 리정혁이
2022-09-08T10:51:51Z,호용수,0,"ㅎㅎㅎ 간나새끼~ㅎㅎㅎ 이거 평양 사투리 맞죠잉?"" 맞죠잉에~물음표가 왠말?"" 언어학적 사고를 해 봅시다. 구조주의"
2022-09-08T10:47:41Z,호용수,0,이 사투린 평안도 사투리겠지 ㅎㅎㅎ
2022-09-08T10:46:29Z,호용수,0,ㅋㅋㅋㅋㅋㅋㅋㅋㅋㅋㅋㅋㅋㅋ 나도 반갑. 아놔 이 잘난 새끼. 왜 손 그녀야. 휴...... 영화에서 옷 벗던 그녀가 난다. 이휴~~~~~
2022-09-08T10:45:03Z,호용수,0,개소리좀 ㅋㅋㅋㅋㅋㅋㅋㅋㅋㅋㅋㅋㅋㅋㅋ 얌마 소녀시대~애 낳구 시어머니한테 간장 다리는거나 배워 이녀나~ㅋㅋㅋㅋㅋㅋㅋㅋㅋㅋㅋㅋㅋㅋㅋㅋㅋㅋ
2022-09-08T10:38:39Z,호용수,0,나왔다 우리 형아~ㅋㅋㅋㅋㅋㅋㅋㅋㅋㅋㅋㅋㅋㅋㅋ 공조 돋는데~ㅋㅋㅋㅋㅋㅋㅋㅋㅋㅋㅋㅋㅋㅋㅋㅋㅋㅋㅋㅋㅋㅋㅋㅋㅋ
2022-09-08T10:37:41Z,Hddi,0,불시착에서 아버지 아들이었는데 여기에서 같이 북한 군인으로 나오네ㅋㅋㅋㅋㅋ오
2022-09-08T10:33:16Z,마스길,0,우와 무려 위성락님이 나온당~
2022-09-08T10:21:50Z,킹왕짱,0,아니 개봉 하루만에 이렇게 많이 알려주면 안봐도된다는건가 너무 다 알려줘서 보고싶지않아지네
2022-09-08T10:20:30Z,어나더,0,"방금 보고 왔는데, 단 한번도 웃지 않을 만큼
그냥 그랬음.."
2022-09-08T10:18:11Z,막타,0,앵간하면 그냥 보는데 진짜 더럽게 재미없음
2022-09-08T10:01:22Z,사발적이고,2,일단 영화가 개연성이 말도안되고 액션씬때 CG가 눈뜨고 볼수없는 정도인거랑 다니엘 헤니 연기 정도는 빼고는 결말이나 다른요소들은 괜찮네요.킬링타임용으로 적절한것 같아요!(장명준한테 위성락이 너무 보이는것도 좀 아쉬운 부분이긴 한데..ㅎ)
2022-09-08T09:57:19Z,JS Lee,0,영화 마지막 에필로그에 반전있음ㅋㅋㅋㅋ
2022-09-08T09:40:14Z,김동욱,0,뭐야 사랑의 불시착 이냐고!!!
2022-09-08T09:40:06Z,암웨이하는 바디gym,0,지루한 액션...ㅜ.ㅜ
2022-09-08T09:01:46Z,옆집오빠야,0,디지털 범죄 ㅋㅋㅋㅋㅋㅋ 미치겠다 진짜
2022-09-08T08:29:01Z,거친 파도 따윈 소용없지,0,"아라비아 숫자 2를
한국인들은 이 라고 읽습니다.
Two라고 읽지 맙시다."
2022-09-08T08:25:28Z,아마존다육,0,공조2 !!!!! 너무너무 기대됩니다!!!!!
2022-09-08T08:11:33Z,거친 파도 따윈 소용없지,0,박민하 선수 좋아요 ❤🧡💛💚💙🖤💜
2022-09-08T08:08:21Z,김프로,0,개쓰레기 영화네
2022-09-08T08:05:24Z,명봉도,0,11대 1도 아니고 11대 2 면 싸울만 하지
2022-09-08T08:00:51Z,다크에이지,2,현빈은 진짜 북한사람같오
2022-09-08T07:43:44Z,비시천조국,0,여기서도 북한것들은 멋있다 이거지?
2022-09-08T07:36:04Z,카드값줘체리,0,영화다 봤네
2022-09-08T07:29:30Z,붕붕,0,빨갱이들중에 저렇게 생긴사람없음 장명준은 미안
2022-09-08T07:27:46Z,홍혁기,0,정말재미없음.무슨영화가.빨갱이말로시작해서빨갱이말로끝나는데너무짜증나고재미가없다
2022-09-08T07:24:18Z,Yong cho,4,오늘 보고 왔습니다. 엔딩크레딧은 바로 나옵니다. 참 그리고 윤아 너무 웃기고 이쁘고 물올랐음 좋아요 !!! 명절에 가족끼리 보기 불편하지 않은 영화
2022-09-08T07:13:54Z,펜펜,0,참 이해 안가는게 ..북한하고 공조 한다는게 . 북한 김정은이 통치자금 지켜줄려고 대한민국이 공조 를 해서 .. 잡아서 북으로 넘기는게 대한민국 경찰이 할일인가요 ??? 참 이해불가능한 영화인듯 .. 공조 뜻도 좋고 ..좋은 의미는 알겠지만 .. 그게 겨우 김정은이 통치자금 지켜줄려고 이러는거라니 .. 한심할뿐. .
2022-09-08T07:09:38Z,파이어뱃,0,"1:00 왼쪽의 남자
해신에 나왔던 순종이 아님???"
2022-09-08T06:08:53Z,정태호,0,이 영화도 총을 막 쏘냐? 끝도없이...? ㅎ
2022-09-08T05:56:37Z,이브이냥,6,어제 보고 왔는데 범죄도시2만큼 재밌었던 영화였습니다 시간이 되면 꼭 보러 가시길 추천드려요. 액션이 공조1보다 더 시원해져서 보기 좋았어요
2022-09-08T05:46:25Z,회는초장에 푹,2,한국영화 2편은 믿거
2022-09-08T05:11:04Z,레곰월쉬,19,"이런 개그가 너무 좋아요ㅋㅋㅋㅋㅋㅋㅋㅋㅋㅋ
키보드로 때려서 사이벜ㅋㅋㅋㅋㅋㅋㅋㅋㅋ돈다발로 때리면 금융범죄ㅋㅋㅋㅋㅋㅋㅋㅋㅋㅋㅋㅋㅋㅋㅋㅋㅋㅋㅋㅋ계산기는 디지털이얔ㅋㅋㅋㅋㅋㅋㅋㅋㅋㅋㅋㅋㅋㅋ너무웃곀ㅋㅋㅋㅋㅋㅋㅋㅋ 유해진씨 개그의 맛이 있어ㅋㅋㅋㅋㅋㅋㅋ"
2022-09-08T04:38:29Z,민세희,0,썸네일 응원의 신 개웃기네ㅋㅋㅋㅋㅋㅋㅋㅋㅋㅋㅋㅋㅋㅋㅋ
2022-09-08T04:35:19Z,falaco w,0,"조선소년단 ㅋㅋㅋㅋ
방탄소년단 ㅎㅎㅎㅎ"
2022-09-08T04:32:31Z,성이름,2,평균키 158따리 북개에서 저런 기적이 ㅍㅎㅎ🤣🤣🤣
2022-09-08T04:00:01Z,시진핑은 개.새.끼. 그리고 나는,1,이 영화는 재밋겠다 분명. 드디어 볼게 생겼네
2022-09-08T03:32:10Z,구미홍금보,0,딱아울리는 대사 혼자야?
2022-09-08T03:31:57Z,REALISSHOMAN,0,방금보고왔는데 존잼입니다 추석영화 제격임ㅋㅋㅋㅋㅋ😮
2022-09-08T03:14:28Z,코코빠덜,0,재밌겠다!!!
2022-09-08T03:05:01Z,Leto J,0,만옥이!!!
2022-09-08T02:32:44Z,아날로그와디지털사이,1,"리정혁과 그의 아버지 리충렬.
표치수만 나왔으면 딱인데ㅋ"
2022-09-08T02:22:52Z,종수 이,0,ㅎㅇ
2022-09-08T02:19:44Z,9 k,0,ㅋㅋㅋ 북한이 미국가서 저런다고 리얼 공상영화네 ㅋㅋㅋ
2022-09-08T02:16:33Z,TheMan,0,"0:28 
ㅋㅋㅋㅋㅋㅋㅋㅋㅋ 더블비 장명준"
2022-09-08T01:55:27Z,bk gonea,0,조옹나게 재밌습니다 추석엔 공조2!
2022-09-08T01:54:20Z,최인수,2,"이건 불법이지
극장에 걸려있는 영화를 이런식으로???
난 어제 돈내고 공조2 봤다.
돈이 하나도 아깝지 않아요."
2022-09-08T01:52:27Z,taewouk ha,0,아..  ㅅ.보고싶다.
2022-09-08T01:38:04Z,Re spiro,0,북한새기들 국가취급도 못받을 놈들이 퇴교사절의 특권 운운 하는거 보고있자니 쥐어박고싶다
2022-09-08T01:17:22Z,5G라퍼,0,사랑의 불시착이 생각나네
2022-09-08T01:05:08Z,기분전환,0,잠깐 봤지만  이 영화 진짜 매력있네. 당장 영화관 가고 싶지만 괜찮으려나. 그 자식 코로나  매우 짜증난다.
2022-09-08T01:02:04Z,열린공갈TV 킬러,0,"대한민국과 미국은 후진국 수준 별볼일 없는 나라의 멍청이들로 그려지고. 
김씨조선은 정상적인 선진국의 영리함으로 그려진 영화. 
왜 후진국 대한민국 이나 미국 같은데서 사는가? 
영리한 선진국 김씨조선에서 세상에 부러움없이 살아야지. 
영화 참 대단하다."
2022-09-08T00:58:32Z,윤정훈,0,리정혁 동지가 형사가 됬구만 기레..
2022-09-08T00:07:36Z,E.S Lee,2,"대박
보고왔습니다
전 1편보다좋았어요
다시만난 조합 
현빈이 은근 웃길줄이야....
우리나라 이만하면 영화 최고죠"
2022-09-07T23:59:19Z,가보자,1,리정혁이 결국 아버지 밑으로 낙하산 했구나.
2022-09-07T23:13:44Z,메붕이,0,리장혁이 아버지도 나오네
2022-09-07T22:21:10Z,정육점호날두,0,9월 10일 어머니 모시고 보러 갑니다! 두근두근😊 엄청 잼쓸거 같아요 ㅎㅎ
2022-09-07T22:19:29Z,Turtan lker,0,대가리가 태평성대네 ㅋㅋㅋ
2022-09-07T19:23:11Z,지창원,0,"2편 잘되면 바로 3편찍어라 ,,무슨 5년만에 나오냐,,,ㅡㅡ"
2022-09-07T19:09:37Z,Zerrin Kaya,0,광고쟁이들 하도 많아서 해봤는데 재미는있네
2022-09-07T19:00:18Z,고윤서,2,"롯데시네마에서 16시10분에 봤는데
하아~~~너무 재밌었어요.
1편보다 2편이 더 재밌습니다~~~
꼭 보세요 
범죄도시2 처럼 대박 나자~~~
공조2
북한에서 흔한 얼굴 현빈 ㅋ"
2022-09-07T18:55:19Z,HelloMenemen,0,인트홀덤 호구 개많긴함 ㅋㅋㅋㅋㅋ
2022-09-07T18:50:14Z,lamp,0,범죄 도시보다 더 재미 있을 것 같네
2022-09-07T18:19:08Z,jeong moon Lee,2,북에서 넘어 온 강남 모 국회의원 생각나네요
2022-09-07T18:08:30Z,재영,1,어제 보고 왔는데 잔잔바리 재미거리가 많습니다 꼭 보세요^^
2022-09-07T17:33:39Z,돼지,0,ㅋㅋ 누가보면 더블비 장명준인줄 ㅋㅋㅋㅋ
2022-09-07T17:30:53Z,09j2,0,재미없겠네
2022-09-07T17:29:13Z,남대문경찰서화이팅,0,이동석이 부당거래때 쌓인게 많았구맘
2022-09-07T17:11:22Z,RIO POP UP ART,0,보나마나
2022-09-07T16:57:32Z,아브라카타브라,0,과학수사는 과학5와 함께
2022-09-07T16:54:52Z,IT엔지니어.,0,4:02 없어요 여자 목소리 뭐지....?
2022-09-07T16:14:17Z,문냥옹세계,0,똑같은 잘생긴3명ㅎㅎ
2022-09-07T16:09:11Z,꼬딱집사,0,ㅋㅋㅋ 불시착 아빠 아들 그대로나왔네
2022-09-07T15:44:29Z,스스슥,0,"북한을 
미화하지 말자.."
2022-09-07T15:04:39Z,박우진,0,독전2 에도 류준열이 나왔어야..했는데
2022-09-07T15:01:40Z,최우섭,0,일당백ㅋㅋㅋㅋㅋㅋㅋㅋㅋ
2022-09-07T14:46:10Z,유성은,1,보고왔는대 재미있내요 강추 합니다  코믹 액션입니다 ㅎㅎ
2022-09-07T14:30:42Z,까무TV,6,윤아 다니엘헤니 만날때가 대박임... 다 박수치고.. ㅋㅋ
2022-09-07T14:14:48Z,Brucei,1,아 난 왜현빈 와이프가 손예진인줄알앗냐
2022-09-07T14:10:19Z,헛뚜,6,오늘 보고 왔는데 재밌게 잘 봤습미니다~ 리뷰로 다시 봐도 재밌네유
2022-09-07T14:06:15Z,정상규,3,공조2  오늘보았습니다. 재미집니다 ㅎㅎ
2022-09-07T14:00:21Z,지잉,0,현빈 줫댄다....
2022-09-07T13:08:42Z,맥주에 영혼 빨려 들어가는 중,231,"오늘 봤는데.. 정말 재밌었음 
OTT 통해서 많은 영화, 드라마를 보고 나서 모든 극본의 흐름이 보이는 느낌이라 흥미를 잃고 찾아보지도 않았음
그러다 오늘 오랜만에 영화관 가서 공조2 봤는데.. 적절한 타이밍에 적당한 유머와 액션씬.. 중요한 내용 전개할 때 진지한 모드로 일관되게 풀어나가서 흐름이 깨지지 않는 게 너무 좋았음 남주,여주 얼굴도 너무 재밌고 유해진님 생활연기,유머 너무 좋았음 오랜만에 영화다운 영화를 봤다는 생각이 들음
헌트 포기하고 본건데 절대 후회 안함ㅎㅎ"
2022-09-07T13:06:51Z,오렌지는맛있다,1,유해진 배우님 최앸ㅋ
2022-09-07T13:00:15Z,스콜SCOL,3,영화관에서 보는 데 액션씬부터 시트콤까지 재밌게 봤습니다 ^^ 강력추천합니다
2022-09-07T12:38:01Z,딸기조아,0,제 연봉은요??
2022-09-07T12:33:52Z,환수기,0,빨갱이영화 ㅋㅋ
2022-09-07T12:28:35Z,처홍,1,금사빠 푼수 진상 근자감 민영ㅋㅋㅋㅋ
2022-09-07T12:27:19Z,상연,0,사랑의 불시착에 나온 북한사람들 다 북한사람으로 다시 나오네
2022-09-07T12:21:11Z,ゆいママ유이맘,0,내이름은김삼순 현빈 다니엘헤니
2022-09-07T11:56:00Z,플플이,0,딸이 커진거보니까 실감이나네
2022-09-07T11:41:44Z,이지성,0,가만보니 현빈은 북한군인 전문 배운[..ㅎㅎ
2022-09-07T11:41:00Z,이남영,0,악역이 진선규가 아니라 다른배우였으면 어땠을까...
2022-09-07T10:40:26Z,김삿갓,0,재미있겠네 봐야지!!
2022-09-07T10:32:05Z,마동석,0,연봉3만6천원 와우ㅋ
2022-09-07T10:30:57Z,멜랑콜리,66,"오락영화에서 너무 지나치다 싶을 정도로 개연성 따지는 사람들에겐 
좀 버겁고 불편한 영화가 될지도... 
오락영화는 그냥 보고 듣고 즐기면 될것을 ㅎ 
지무비님의 나레이션으로 보니 봐야할거 같은 생각이 ㅎㅎㅎ"
2022-09-07T10:27:36Z,간장게장,0,헤니...악 아아가라가가가 너무 좋아!!!!!!!!
2022-09-07T10:25:44Z,코카콜라,1,추석 타이밍에 개봉 ㅋㅋㅋ 천만각이네
2022-09-07T10:09:54Z,네즈코♡,1,아닠ㅋㅋㅋㅋ 순간 더블비 장명준인줄 ㅋㅋㅋㅋ
2022-09-07T09:56:06Z,Sensei Worp,0,포ㅋㅓ 족보만 알고있으면 [[[ 홀홀 덤덤.C0M ]]] 코인이니 주식이니 하루종일 그거보면서 시간보내는거보다 그냥 홀덤으로 소소하게 따서 용돈벌이하는게 나음ㅋㅋ
2022-09-07T09:41:00Z,戊子윤미,0,아~~그냥 비주얼 영화구나야~~~
2022-09-07T09:38:49Z,JesusLoveU,0,"공산당과 공조라,,, 비현실"
2022-09-07T09:34:10Z,찐라면,0,"다니엘헤니 외국에서 안써주니까
공조2 나온거라고"
2022-09-07T09:09:28Z,정지훈,0,진짜 다 좋은데 중간에 불쑥불쑥 시청방해하는 소리좀 빼주면 안되나요? 와 정말 끔찍...
2022-09-07T08:30:25Z,흰튜버,0,북한군...사랑의 불시착2인줄
2022-09-07T08:07:34Z,룰랄라,0,2:33 아니 사랑의 불시착 리정혁과 아버지가 이렇게 북한 사람 역할로 다시 만나다니..
2022-09-07T07:53:16Z,이근태,0,장항준인줄
2022-09-07T07:45:50Z,ᄋᄉᄋ,0,아니 근데 왜 사랑의불시착이...?
2022-09-07T07:31:27Z,id erok,2,추석 가족 영화로 가서 보면 나쁘지 않은 영화. 대신 이런 영화 소개 영상들 안 보고 가는 게 훨씬 재미있을 듯. 재미쪽이 웃음포인트들에 있어서.. 미리 보면 전체적 재미 반감.
2022-09-07T07:29:06Z,쏘닉,0,북한군 전문배우 현빈
2022-09-07T07:01:34Z,대한민국탱크,3,"좌파 감독들,북한 형사는 잘생기고 싸움도 잘하는 영웅으로 남한 형사는 찌질하고 무능한 형사로
은연중 북한을 미화 하며 서서히 북한을 동경의 대상으로 세뇌 시키는 주사파 감독들!"
2022-09-07T06:32:06Z,사람,2,이놈의 북한미화 영화 만든 감독드 싸그리 깜빵 가야되는데 ㅎㅎ
2022-09-07T06:26:36Z,sch j,2,윤아 클럽씬 ㅈㄴ게 이쁘더라 존나 이뻐
2022-09-07T05:55:42Z,hyoseop SHIN,0,"우리 가게에서 촬영하려 한다고 스텝중 한분이 와서 사진 찍어가고 하여 내심 기대 했었습니다. ㅎㅎㅎ  현빈이 내 해병대 후배니 촬영 장소 사용료 안받겠다. 얼마든지 와서 촬영해라. 
했었습니다.  우리 가게가 너무 좋지 못했나봅니다.~~ㅎㅎ
서른이 넘은 우리 딸내미 현빈오면 만사 제치고 와서 보겠다고 했었는데 ㅎㅎㅎ
영화로나 봐야겠습니다."
2022-09-07T05:49:29Z,극리,0,영화관에서 3:36초에 다 터지시던데
2022-09-07T05:49:11Z,☾HELL,0,내 생일에 개봉했네!!
2022-09-07T05:06:17Z,g don,0,공조3 한국 북한 미국 중국
2022-09-07T04:27:53Z,sc수창,0,영화소개는 가장 맛깔나게 해주는듯...
2022-09-07T04:21:22Z,왕자아빠tv,0,일당뱈ㅋㅋㅋㅋㅋㅋㅋㅋㅋㅋㅋㅋㅋㅋㅅㅂ ㅋㅋㅋㅋㅋㅋ
2022-09-07T04:09:14Z,이gjs,1,초등학생도 봐도 될까요?? 추석때 온가족이 할게 없어서요..ㅠ.ㅠ
2022-09-07T04:03:34Z,S K,1,손예진 부럽다
2022-09-07T03:52:43Z,강연주,1,캐스팅 좋다 악역까지 좋아
2022-09-07T03:47:57Z,김연수,0,유해진 아저씨 너무 좋앜ㅋㅋㅋㅋㅋㅋ 사랑해욬ㅋㅋㅋ
2022-09-07T03:20:57Z,heebong kang,18,유해진 나오면 기본 웃음과 재미는 보장
2022-09-07T03:12:51Z,사랑이와복끌이,0,재밌겠다 보러가야지
2022-09-07T02:54:51Z,ongoing,120,"방금 개봉하자마자 보고옴^^
잼있고 연출,액션 시원함.
지루하지 않게 보고옴.
다소 아쉬운건 유투브 공개분이 다소 노출이 많이 되서 웃음포인트를 미리 알고 봐서 
아쉬움.
한 2~3분 가량만 노출됐어도 더 크게 웃으면서 봤을텐데 이 점이 아쉽만 천만은 가능하지 않을까요...^^;;"
2022-09-07T02:47:24Z,꿀꿀,0,사랑의 불시착 외전인가..
2022-09-07T01:47:09Z,김재경,1,리정혁이랑 아버지 같이나왔네
2022-09-07T01:42:10Z,나상욱,2,"사실 윤아 안좋아했는데(싫어하는건 아니었음)
빅마우스랑 요거 보고 변함 ㅋ
윤아 겁나 귀엽네 ㅋ"
2022-09-07T01:34:40Z,레이,0,재미없어
2022-09-07T00:53:40Z,한기웅,1,윤아 비주얼에 3만6000원... 유튜브 빡세구나
2022-09-07T00:34:14Z,장종찬,0,유해진 딸래미까지 5년만에 엄청커서 공조2에도 나오니 신기하네 ㅋㅋ 어릴때랑 얼굴이 똑같네
2022-09-06T22:50:15Z,김재웅,9,아니 이 레전드 영화를 또 이렇게 잘살리면 어쩌자는거 ㅋㅋㅋㅋㅋㅋㅋㅋ 계속 웃으면서 봤네
2022-09-06T22:25:08Z,Con Troller,0,사랑의 불시착
2022-09-06T20:52:09Z,앙망앙망,0,월1수 빵빵 터지고있어요 깨알같네 ㅋㅋㅋㅋㅋㅋㅋㅋㅋ
2022-09-06T20:47:40Z,Paomo LEE,0,지무비 예고 너무 맛있다..
2022-09-06T20:29:36Z,피에르 조커,1,북한미홬ㅋㅋㅋ
2022-09-06T19:06:41Z,남자들의 건전한 동영상 ,0,ㅋㅋ 윤하 귀여워죽겠다 꼭봐야지~
2022-09-06T19:00:33Z,cy bog,0,"영화보면 죄다 북한 남자는 키 180이상에 미남형이고 남한 사람은 4~50대 나이 많거나 못생긴 남자
북한 남자 평균 키가 158cm이라는데 영화나 드라마 보면 북한 남자는 죄다 180이상의 장신....
은밀하게 위대하게 김수현,의형제의 강동원,갑첩의 공유,강철비의 정우성,공작의 주지훈,공조의 현빈.....
북한을 미화 시킬려고하는 공산당쪽 투자영화라고 생각 됨...."
2022-09-06T17:49:40Z,"joy기쁨,행복",0,재미있어요.극장에서 봤는데요.정말 재미있어요.
2022-09-06T17:12:59Z,맹수아이가,0,저정도 얼굴이면 연봉 3600원도 개안타...
2022-09-06T16:33:09Z,간짜장울막둥이,1,"이거  1편때는  그려려니 했는데,  가만보니  남한  형사는  순  ㅂㅅ들만있고,
빨갱이 북한 공작원은  천하무적으로
만들어놓은게  씁쓸하네요."
2022-09-06T16:02:14Z,man x,1,폭망하기 딱 좋은 포맷임. 소재도 올드한데 세명이 뭉치는 그림도 올드함. 굳이 다니엘헤니를 넣었어야 했나.. 첩보물은 쫌 긴장감이 있어야 잼나는데 너무 구도가 산만해서 집중도 별로일 듯.
2022-09-06T15:58:19Z,나무퀸,1,전 꼭 극장 가서 볼게요.
2022-09-06T15:40:49Z,김만진,0,"은근 북한 찬양하는 조옷가튼 영화.
좌빨 쓰레기들이 만든 선동선전 영화"
2022-09-06T15:39:33Z,헬로라이더,0,역쉬 인민군 연기 국내탑ㅎ
2022-09-06T15:35:25Z,뭐사지,1,와 개 재밌겠다ㅋㅋ
2022-09-06T15:15:10Z,김박사,0,쓰레기 북한영화
2022-09-06T13:50:08Z,정민 김,0,전기세가 더 나옴
2022-09-06T13:35:28Z,-광대-,0,"공조2 리철령 리정혁
리철령 상사 리정혁 아빠
사랑의 불시착  그 부자 잖어"
2022-09-06T12:48:43Z,c sk,0,"ㅅㅂ 빨갱이는 ㅈㄴ 멋있는 현빈이고,
형사는 얼굴 지리네"
2022-09-06T12:39:57Z,안녕마담,0,"좌 현빈 우 다니엘 센타 유 해 진 
안꿀린다😂🤣😅"
2022-09-06T12:39:42Z,익명,0,오 총정치국장 분 나오셨다(사랑의 불시착)
2022-09-06T12:28:41Z,street7,0,내눈이 이상했나봐요! 난 장명준 역이 류승범 배우님인줄ㅋㅋ진선규 배우님이었네요!
2022-09-06T12:04:25Z,김나비,1,윤아 이뿌다~!!
2022-09-06T11:45:03Z,hh h,0,북한군 미화하는 영화. 실제 북한군을 좀 봐야 정신들을 차리지.
2022-09-06T11:43:25Z,트롤,0,#그녀의이름은난노
2022-09-06T11:43:07Z,유민유리아빠,0,아..위성락 머리카락 킹받네 ㅎ
2022-09-06T11:37:25Z,나연,0,현빈 아버지 여기서도 북한 고위직이시네
2022-09-06T11:32:28Z,David Deacon Kay,0,10:30 ㅋㅋㅋㅋㅋㅋ빵 터짐 진짜 재밌을듯
2022-09-06T11:27:14Z,엉이이 부,0,사랑의불시착의 리저ㅇ혁이 인것 같음
2022-09-06T11:15:30Z,마곡건물주,0,총에 반동이 1도 없네
2022-09-06T11:10:34Z,카트라이더 아이템 개인전&기타 모드,1,내일 수업 끝나고 바로 보러 가야겠네요 ㅎㅎ 공조1 재밌어서 2번 보러 갔었는데 공조2도 너무 기대됩니다 ^^! 무엇보다 공조1 메인 BGM이 정말 좋았는데 공조2도 좋은 BGM이 나오길 바라봅니다~!
2022-09-06T10:19:43Z,이해요,1,"난 요즘 이런 영황보면
북한 띄워주는것 같은 . 
나만 그런가 북한요원이 현빈
이라니 총알 피해다니고..
작가 감독들의 사상이 의심스러워"
2022-09-06T09:54:18Z,김민주,0,내일이네요
2022-09-06T09:51:24Z,달콤이댕댕,0,구독 좋아요 알림설정 했어요 ㅎ
2022-09-06T09:50:12Z,달콤이댕댕,0,"유해진오빠 연기 진짜 멋져요
연예인들중에 제일 인간미 최고일듯 ㅎ
최고 멋져요"
2022-09-06T09:45:17Z,김민주,1,연봉으로..무려36000원
2022-09-06T09:36:28Z,독고루피,0,더블비 장명준님이 영화까지 진출했군요
2022-09-06T09:33:41Z,DW H,0,1조 3000억짜리 범죄 조사하는데 2명만 씀?
2022-09-06T09:03:06Z,이현창,0,"흥행을 원하는데, 예고편이 이곳저곳 너무 많이 보여서 불안하네요...."
2022-09-06T08:38:18Z,와규와구,0,1:23 순간 내 귀를 의심했다
2022-09-06T08:35:18Z,John,1,안돼😢 구하기 그렇게 아려운 랜드로버 디스커버리 3를 그냥 날리네
2022-09-06T08:13:12Z,킴찐이야,1,ㅋㅋ 윤하 귀여워죽겠다 꼭봐야지~
2022-09-06T08:03:48Z,나자신,0,존잘이다 진짜진심 너무 멋있어 그냥 잘생긴사람들이 잘생긴일을 하고있어
2022-09-06T07:08:07Z,구름,1,전형적인 좌파들이 좋아하는 영화 공조..
2022-09-06T06:40:10Z,권준남,0,？？？:잡았죠
2022-09-06T05:55:30Z,네모,1,무조건본다
2022-09-06T05:35:36Z,rnfkwod,0,아 왜 사랑의 불시착이랑 연계되냐 ㅋㅋㅋㅋㅋㅋㅋㅋ
2022-09-06T04:30:49Z,박재일,0,뿌잉
2022-09-06T04:25:49Z,신시안,0,근데 개봉도 안한 영화를 DVD판으로 어케 유튜브로 송출해요?
2022-09-06T04:07:06Z,그네야제발돌아와,0,진태딸이 커서 다시 나오는?
2022-09-06T03:53:04Z,ᄀ이제성,0,김혜수님이 못있는 남자 유해진형님 최고예요.
2022-09-06T01:48:23Z,Editor_B_LIFEDRAFT,0,미친 사이버 범죄에서 개웃었다 ㅋㅋㅋㅋㅋㅋㅋㅋㅋㅋㅋㅋㅋㅋㅋㅋㅋㅋㅋㅋㅋㅋㅋ 돈으로 때리면 금융범죄냐고 ??ㅋㅋㅋㅋㅋㅋㅋㅋㅋ
2022-09-06T01:43:57Z,young,0,보고싶으다. 캬!! 참바다씨랑 어벤져스들 너무 멋쪄요!!!
2022-09-06T01:40:32Z,junyoung Lim,2,"공조2 개봉이 내일인데, 진짜 기대가 너무 되네요..!!!"
2022-09-06T01:36:02Z,캔래스비,0,리정혁아부지!
2022-09-06T01:27:46Z,진형 김,0,"신세계 연변 거지가 안돌아가 불법체류자로 나오네

심문에 협조 안할땐 이렇게 말들하세요
형은 다알수 있다 라고"
2022-09-06T01:17:20Z,준micdrop,0,"이런 쓰레기 같은거 볼 시간 있으면 애플티비 빠찡꼬 보세요.
 빠찡꼬는 전세계가 극찬하고 찬양하는 작품이구요. 
깨어있는 사람들은 다 본것 같더라구요. 
중국하고 친해지면 일본 다 죽일수 있는데.. 
안타깝고 눈물이 납니다."
2022-09-06T00:58:31Z,Blue Sky,0,0:29 더블비가 생각나는건 기분탓인가.. ㅎㅎ
2022-09-06T00:40:19Z,King 닭's,0,일당100 흐흐흐흐흐흐흐흐흐 ㅋ
2022-09-06T00:27:03Z,omi ns,0,북한애들 미화 이제 그만하자. 지쳤다
2022-09-06T00:24:02Z,루이비뚱,0,"내가 전문 시청자로써 예견하건데....
딱 손익분기점이네...ㅋㅋ
그것도 대량 상영관 확보 하에~ ㅎ

감독의 연출력에 따라서 같은 출연진도 저리도 달라질 수 잇다는 걸, 예고편만으로 알수 있네...ㅎㅎㅎ"
2022-09-05T23:58:32Z,신용철,0,개봉은 하겠지만 영화 잘봤네요 안봐도 되겠네 이거 자체가 스포일러인데 뭔 재미로 영화관가서 보나 어떻게 될지 빤히 아는데?
2022-09-05T23:41:18Z,Sungmin Oh,0,다니엘 헤니 ㄹㅇ 잘 생기긴했다
2022-09-05T22:30:20Z,미숙 이,1,뒤통수 후려치는거 개웃기넼ㅋㅋㅋㅋㅋㅋㅋㅋㅋ
2022-09-05T22:03:03Z,보곰이 키우기 Bogom2,1,"사랑의불시착이랑 겹치네요 기억이 ㅋㅋ
장군도 아버지로 나오고 연기부터 ㅎㅎ"
2022-09-05T20:19:13Z,네스,1,북한새기들 미화영화
2022-09-05T20:14:12Z,스룽,1,천만가즈아
2022-09-05T18:55:44Z,pcnix,0,전부 무탄피 총을 쓰네
2022-09-05T18:14:39Z,뀨잉,0,1:22 빵빵..?ㅋㅋㅋ
2022-09-05T17:29:03Z,백마탄환자,0,와 지리는 형이 이래했는데도 노잼인거 보니 고맙당. 돈 벌었다.
2022-09-05T16:55:05Z,박범준,2,윤아가 뷰티유튜버 ㄷㄷㄷ
2022-09-05T16:42:44Z,Swordsman검객,1,7:14 잡았죠 ㅅㅂㅋㅋㅋㅋㅋㅋ
2022-09-05T16:24:19Z,지누쓰,0,2:11 ㅈㄴ웃기네ㅋㅋㅋ
2022-09-05T16:10:13Z,우웅,47,무엇보다 주연배우들 그대로 나오는게 너무 좋다 ㅋㅋ 윤아 코믹 연기 넘 좋아
2022-09-05T15:42:11Z,💛Jilice🧡,4,현빈 너무 멋있다…
2022-09-05T14:42:44Z,나쵸,2,진짜 윤아는 성공했다
2022-09-05T14:37:02Z,고양이 키우고 싶은 사람,1,재밌겠어 ㅎㅎㅎㅇ
2022-09-05T14:33:52Z,꼴방쥐,0,레이져 총이냐??발사하는데 총이 반동도 없어…
2022-09-05T14:05:43Z,General MacArthur,0,귀염둥이 유나 ㅋㅋㅋ
2022-09-05T14:01:56Z,pixel,0,일당백은 씹 ㅋㅋㅋㅋㅋㅋ
2022-09-05T14:00:49Z,아옹개비masuri,0,ㅋㅋㅋㅋ 사랑의불시착에서 부자지간이구만
2022-09-05T13:55:23Z,닉정,0,아니 저분은 총정치국장 리정혁의 아버지?
2022-09-05T13:42:01Z,타도쪽,0,18 머 북한놈이 더 멋있냐
2022-09-05T13:37:31Z,Mimi Ong,0,ㅋㅋ 마지막 5초
2022-09-05T13:29:51Z,백두산,0,2:39 아니 왜 이분까지
2022-09-05T13:20:43Z,육회무침,0,효과음 진짜 오늘따라 개웃기네요
2022-09-05T12:55:54Z,포로리야,0,아니 ㅋㅋㅋㅋㅋㅋㅋㅋ 리정혁씨 아버지랑 또 같이 나오셨네 ㅠㅠㅠㅠㅋㅋㅌㅋㅋㅋㅋ큐ㅠㅠㅠㅠ
2022-09-05T12:37:55Z,kwon재현,0,키보드로 때려서 사이버 범죄 개 뿜었다 진짜 ㅋㅋㅋㅋㅋㅋㅋㅋ
2022-09-05T12:30:05Z,코믹하우스,0,현빈이 셰리 동무가 보고싶어 남한으로 내려왔고만 기래.
2022-09-05T12:29:00Z,ᄇᄇ,1,북한 미화 하는 거 봐라 어휴 ㅉㅉ  도대체가 이런 거 만드는 인간들 제정신임?
2022-09-05T12:28:34Z,ᄇᄇ,2,북한 미화 쓰레기 영화
2022-09-05T12:22:32Z,최지강,0,더블비다
2022-09-05T12:09:18Z,알렉산더빈,0,마지막 아웃트로가 제일 재미있네 ㅎㅎ
2022-09-05T12:01:27Z,미스터홍,1,빨갱이 미화영화는 머다? 우리나라 아직 전쟁 안끝남
2022-09-05T11:56:25Z,해본,0,7:11 유해진 못잡을거면서 잡을려고 애쓰노 ㅋㅋㅋㅋㅋ
2022-09-05T11:48:44Z,KOKAIN,7,"솔직히 후속작은 망하는 경우가 많던데
공조2는 제발 흥해라~!!
공조1의 780만 뛰어넘자~!!"
2022-09-05T11:45:08Z,쁘쁘쁘,835,윤아가 진짜 전편 보다 훨씬 존재감 있어보인다 ㅋㅋㅋ 솔직히 아이돌은 연기력보단 그냥 화재성 때문에 항상 유명 아이돌은 연기력때문에 문제가되었는데 윤아는 저런역할 진짜 잘 어울려 ㅋㅋ
2022-09-05T11:31:12Z,야타노카가미,0,와 장명준이 진선규였어????
2022-09-05T11:15:42Z,리리링,0,아주 재밌겠구만 기래
2022-09-05T11:06:44Z,h k,6,"감독이 다니엘헤니를 섭외해야했다는 말을 이해하겠네여 ㅎ 현빈 에 대등하려면 다니엘 헤니정도는 되죠야쥐~맞네여 ㅎ
거기에 유해진님 적절한 케미가 기대됩니다^^보러가야겠는데여 ㅎ"
2022-09-05T11:00:02Z,데헷테레오,0,공조3:글로벌 남북미일러중?
2022-09-05T10:57:32Z,김원준,1,와 시간이 꽤 지난걸 유해진 딸 역할이 보여주네요 못본 사이에 엄청 컸네요
2022-09-05T10:55:07Z,민냥,0,역시 갓무비
2022-09-05T10:54:13Z,Karina-_-,0,이름이 장명준인게 좀 웃김
2022-09-05T10:20:58Z,HeyJoe Handrix,0,남한 난쟁이랑 북한 거인??
2022-09-05T10:13:57Z,waffen ss nazi,0,원래 미국은 적국의 범죄자를 본국으로 석방하지 않으려 할겁니다 미국내에서 범죄를 일으켰다면 nsa fbi가 개입가능한 명분이 있을뿐더러 fbi 주도하에 잡는걸로 스토리를 만들었다면 더 재밌었을 수도 있습니다
2022-09-05T10:07:11Z,waffen ss nazi,0,그리고 호송상황시 fbi자체 특수부대와 같이 호송해야 했을겁니다
2022-09-05T10:05:50Z,waffen ss nazi,0,림철영의 행동이 실제였다면 북한에 대한 엄청난 외교적 압박과 제제를 받으며 미국법정에 세웠을수도 있습니다
2022-09-05T10:04:48Z,waffen ss nazi,0,실제론 cia와 미 국방성이 고위험 고가치 목표물로 지정하곤 어차피 미국입장에선 북한은 그저 테러단체 테러리스트 지원국이니 북한의 말은 개무시한체 fbi나 다른 기관 관리로 계속 놔둘겁니다
2022-09-05T10:01:23Z,이지후,0,더블비에  명준이 형??????
2022-09-05T10:00:14Z,고승,0,위성락이..장첸도 한번 나와주면 되것네
2022-09-05T09:59:16Z,석진,0,ㅋ
2022-09-05T09:58:19Z,K-dot켄드릭라마,1,1편이랑 출연진들 싹 이어지는거 너무좋네
2022-09-05T09:57:29Z,태오,0,하 ㅅㅂ 유해진 너무잘생겼다
2022-09-05T09:55:34Z,고승,0,이래 다 보여주면 영화관 안가도 되겟네.이래도 댐?
2022-09-05T09:46:52Z,Korea Beach no1,0,"장명준 풀려날때, 윈터솔져 장면 생각나네요.멋있네요."
2022-09-05T09:32:35Z,JaeKyun PARK,0,방탄소년단을 보고 조선소년단 출신 드립하는것 같은데... ㅋ
2022-09-05T09:30:35Z,Flying River,1,해진이가 대한민국 명품 배우야 동의하지 다들?
2022-09-05T08:57:16Z,만성철물-쉽게 따라하는 셀프집수리,0,아 보고싶드아~~~~~~~~~~~~~~~~~~~~~~
2022-09-05T08:13:19Z,BIN LIU,0,사랑의 불시착과 헷갈리는 출연진 ㅋㅋㅋ
2022-09-05T08:12:45Z,한둘둘,0,Give me a ball 2
2022-09-05T08:02:51Z,김천재,0,철령이 아부지아니냐? 북조선 정치부장
2022-09-05T07:44:42Z,rbp0506,3,진짜 1보면서 느낀건데 재밌지만 북한정부를 너무 미화시킨거땜에 좀아쉬웠음 차라리 설정을 좀 바꾸면 좋았을텐데
2022-09-05T07:36:06Z,한번만 봐달라니까?,0,재밌겠다
2022-09-05T07:21:52Z,달코미,0,누구랑 같이 봐도 좋을 영화 같지만 썸녀나 여자친구랑 보기엔 매우 부적합한 영화 같습니다...
2022-09-05T07:11:43Z,ㅎㅎㅎㅎㅎ,0,장명준
2022-09-05T06:49:38Z,Roo,1,천만 관객되기를 ㅎ
2022-09-05T06:12:42Z,궁,1,김삼순에서 보던 조합을 또보네 ㅋㅋㅋ
2022-09-05T05:51:59Z,레이싱모텔,0,남한 북한 미국을 대표하는 한인 얼굴들이네
2022-09-05T05:43:10Z,하림콩,1,와 리정혁 아빠도 나오네 조합머야 진짜
2022-09-05T05:41:00Z,진선 유,1,진선규님 범죄도시 이미지 너무 강하게 박혔어요ㅋㅋㅋ
2022-09-05T05:31:57Z,김용비,1,진짜기대된다 공조2
2022-09-05T05:26:44Z,안개소리,1,재밌겠네요. 5년만의 개봉이다보니 공조1 내용을 거의 다 까먹었다는... ㅠ.ㅠ
2022-09-05T05:14:48Z,히힛,0,키보드로 패가지고ㅋㅋㄲㅋㅋㅋㅋ
2022-09-05T05:11:05Z,이루다,1,"근데 북한 특수부대가 진짜 쎌까?..
우리나라 특수부대가 훨 셀듯한데 ㅋㅋ"
2022-09-05T04:50:28Z,뚠뚠뚠,0,공조도 범죄도시처럼 2가 더 잘될거 같아보임
2022-09-05T04:35:04Z,CCC,2,윤아 미모 뭐야 미쳤어
2022-09-05T04:34:49Z,im4ubabe,1,"윤아,, 연기 잘하네~~ ㅎㅎㅎ....
북한이랑 합의 하에 어쩌구 저쩌구~... 좌파가 돈 대고, 북한이 마치 정의구현을 추구하는 집단인 것같은
망상하게하는 씨잘데기 없는 스토리지만,
연기진이 괜찮으니 팝콘잡고 아무 생각없이 보기엔 무리 없을 듯.`"
2022-09-05T04:26:25Z,god bridgeof,1,재밌어졌어..
2022-09-05T03:47:24Z,_나치기욱일기는같은전범기다,0,키보드로 때리면 사이버 범죄라니 ㅋㅋㅋㅋ ㅋㅋㅋㅋ
2022-09-05T03:45:38Z,KY LEE,1,"쓰레기 영화.
북한 특수요원은 현빈, 한국 요원은 유해진.

말이 됨?

현빈이는 북한인 3연타 뭐임?"
2022-09-05T03:39:36Z,몰라,1,불길하다 불길해
2022-09-05T03:11:51Z,허밍버드,1,일단 모든 주요 케스팅이 그대로 나와서 좋군요 ㅎㅎ
2022-09-05T02:59:43Z,gorgo paide,0,"구독자 3만6000 이
아니라 연봉 3만 6000명 뷰티 유튜버. ㅋㅋㅋㅋㅋ"
2022-09-05T02:44:42Z,그그,0,"딸래미 얘기는 없네
엄청컸네 ㄷㄷ 아가였는데"
2022-09-05T02:34:39Z,휘바휘바,0,"공조3
한미일북"
2022-09-05T02:20:57Z,배재영,0,0:09 문부서지고 와장창창 난리날 것 같은 기분
2022-09-05T02:17:02Z,on Se,1,북한 미화 영화
2022-09-05T01:58:18Z,사모예드,0,키보드로패서 사이버범죜ㅋㅋㅋㅋㅋㄱ
2022-09-05T01:56:52Z,따사로운 봄날의향기,1,"영화 한편 다 봤네요. ㅎ
극장 안 가도 될 듯."
2022-09-05T01:44:27Z,J park,1,세계 최강 금사빸ㅋㅋㅋㅋㅋㅋ
2022-09-05T01:40:30Z,Eddie choi,5,7일 개봉인데 5일 입대네요... 누누티비의 힘을 한번 빌려봅니다
2022-09-05T01:33:03Z,김찬,0,7:07 부당거래의 복수!!!
2022-09-05T01:31:56Z,Joseph Kim,0,아니.. 리정혁동지랑 아부지가 왜 그대로 여기계시냐궄ㅋㅋㅋㅋㅋㅋㅋ
2022-09-05T01:25:41Z,라떼는과장z,0,연봉 3만6천원 !! 일당백!! 임윤아!! 구족 좋아요 알람설정까지 ~_~
2022-09-05T01:10:57Z,로만노예,0,목요일 심야 예매했음!!! 옴춍기대되네요
2022-09-05T01:01:12Z,기멘기,0,"집중해서 보고있는데 페이커의 ""잡았죠"""
2022-09-05T00:59:31Z,PST,0,리정혁씨
2022-09-05T00:36:25Z,윤희선,1,"영화지만 북한 형사?하고 공조를 한다고? 설정이  조금,,,,"
2022-09-05T00:23:57Z,bahell3695,55,극한직업처럼 아무생각없이 제대로된 코미디영화  종종 나와줬으면 했는데 딱이네요 너무기대되요
2022-09-04T23:48:54Z,@{:̲̅:̲̅:̲̅{̲̅ ̲̅ ̲̅ ̲̅ ̲̅ ̲̅ ̲̅ ̲̅ ̲̅ ̲̅{} ڪ,0,"다봤네 영화관가서 안봐도 될듯 
구독 좋아요 알람 ⏰️"
2022-09-04T23:26:47Z,신태용,0,ㅋㅋㅋ이건 못참지
2022-09-04T23:09:42Z,Good Luck,1,북한특수군 대한민국 특전사들한테 비비지도 못하는데
2022-09-04T23:04:25Z,taek jeoung,1,왜자꾸 빨갱이를 저런 얼굴로 홍보히는거야 ㅠ
2022-09-04T22:22:23Z,귀여워쪼꼬,0,자아알 생겼다
2022-09-04T20:17:08Z,자유 박삿갓,2,정말 나라가 웃긴건 빨갱이들이 나라에 넘치는데 빨갱이가 없다고 하고 세계인이 인정하고 알리는 북한의 폐쇄성과 인권이 없는 나랄 가장 빨갱이들이 판을 치는 문화계에서 북한을 친숙한 이미지로 바꾸고 그걸 주도하는 영화가 계속 만들어짐!  딱 중국수준에 어울리는 집단!
2022-09-04T20:15:10Z,정완주,2,근데 왜 항상 한국영화는 북한사람은 키 크고 미남인데 한국인은 키작고 못생김?  반대아닌가?
2022-09-04T20:00:54Z,Player M,1,이정도면 북한인 전문 배우?ㅋㅋ
2022-09-04T19:56:47Z,룰루이당,1,순간 사불이랑 공조2 세계관 같은줄 ㅋㅋㅋ
2022-09-04T19:47:14Z,심프로,1,"와우~ 민하 엄청 컸네ㅋㅋㅋㅋㅋ
그 깜찍한 꼬멩이 어디갔어ㅋㅋㅋ"
2022-09-04T19:19:19Z,hanul Pak,0,판타지긴 하지만 개꿀잼
2022-09-04T18:47:25Z,이군,0,삼각 공조의 최고봉은...유진 초이...구동매...김희성이지요...
2022-09-04T18:31:44Z,박선재,0,흠...저 첫 장면 어디서 많이본거같은데...영화가기억이안나네
2022-09-04T18:31:05Z,UDT SEAL,0,"조선소년단ㅎㅎㅎ
이 영화 왠지 
터질것 같다"
2022-09-04T18:16:13Z,ㅡㅡ,1,더블비 장명준 여기서도 문제네
2022-09-04T18:09:13Z,새로운시작,303,"공조2...정보 처음공개됐을때 어떨까라고 생각됐다가 캐릭터 예고편 보고는 괜찮을것 같다는 생각들엇는데 지무비님 영상 보고는 기대감이 생기네
1보다 스케일 더 커지고 또 더 유쾌해졌어..
범죄도시2에 이은 작품 나온것 같은데 본편 어떨지 궁금하네
잘 제작됏길! 시가전이랑 다른 액션신들 괜찮네"
2022-09-04T17:38:46Z,무장전선,0,딸도 1편 아역이랑 얼굴이 똑같네요 크기만하고 같은 배우인가..
2022-09-04T17:25:57Z,작은돼지자리,0,윤아가 뷰티유튜버를 하는데 3.6이 말이되냐 3.6억도 아니고
2022-09-04T17:25:04Z,명디,1,나 진짜 보고싶은데 원래 예고편도 안보고 보는 편이어서 참는 중
2022-09-04T17:14:34Z,BAN미남,550,"공조2 진짜 이틀뒤에 개봉하는데..
영화요약 진짜 끝내주게 해주는 지무비형님..
하..진짜 빠져든다.. 매번 감사합니다."
2022-09-04T17:07:17Z,체크무늬사막여우,1,빨갱이 영화 현빈도 뒷조사 해봐야 됨 북한군은 현빈처럼 존나 멋있는 배우 섭외하고 한국인은 유해진 섭외해서 아재느낌나게하고 현빈은 이번이 처음이 아니지? 사랑의불시착이 있었지 은밀하게위대하게역시 빨갱이간첩을 김수현 배우를 섭외했지?? 내용도 역겨움 미국이랑 한국이랑 협조했음했지 미FBI 냅두고 북한 빨갱이랑 협조함? 북한은 우리의 적이지 절대로 공조할 수 없는 집단이다 우리의 주적은 북한!!!!!!!! 여기서 북한이라 함은!! 김정은을 비롯한 김정은 수뇌부 그리고 북한의 3대세습을 지지하고 공산당과 주체사상을 무조건적으로 지지하는 세력이다. 통일이되면 북한 주민은 우리가 포용할 대상임.
2022-09-04T16:47:05Z,너나나나,0,"냔 현빈이 진쨔 존나 잘생긴것 같구,
다니엘은 그냥 그런데, 여자분들 눈은
다른가보네ㅜㅜ"
2022-09-04T16:38:17Z,A320,1,장명준: 머리를 오래 안감고 모자를 쓴편
2022-09-04T16:33:18Z,뿌비찌꿍,0,빵빵터트리고 있어요.    누구????목소리누구?????ㅋㅋㅋ
2022-09-04T16:29:13Z,되는데요,0,"해외 범죄는 FBI가 아니라
CIA가 해야지"
2022-09-04T16:13:48Z,나인피그,0,개봉도안했는데 ㅋ벌써
2022-09-04T16:06:35Z,에니퍼스,0,처제가 임윤아? 부럽다 잴부럽네
2022-09-04T16:06:18Z,아냥나비,1,북조선은 미남 남한은 추남.. 친북 컨텐츠 지겹다. 이렇게 주적을 미화시키는 짓거리 그만 하고 그만보자
2022-09-04T15:58:35Z,Jenie,0,둘이 얼마나 반가웠을까?
2022-09-04T15:58:35Z,다라나,0,아이폰 원하던 딸이 엄청 많이 컸구나. 정말 예전작 그대로 다 나온듯.
2022-09-04T15:53:32Z,tinymood,0,사랑의 불시착 멤버 딱 총정치국장이랑 리정혁이였는데 여기서는 부자지간은 아니지만 북한인으로 가까운사이로 만났네
2022-09-04T15:52:00Z,허니버터,0,음.. 사랑의불시착이랑 너무 오버랩되서 윤아대신 손예진이 나와야 할꺼 같다..
2022-09-04T15:51:49Z,roco,0,"총격신 폭발신 카스2 시네마틱을 완전따라했네 ㅋㅋㅋㅋㅋㅋ
저렇게 저작권 홀랑 ㅋㅋㅋㅋㅋㅋㅋㅋㅋ"
2022-09-04T15:50:18Z,woo Jin Lee,0,썹내일 미치겠네 ㅋㅋ 고몽이 성공한이유는 다있어 ㅋㅋ
2022-09-04T15:43:51Z,간첩수사대,2,북한미화영화좀 고만만들길
2022-09-04T15:38:11Z,BIN,6,"삼순이 이후로 현빈과 다니엘헨리 한그림이 된게
서로 감회가 새로울듯 ㅎ"
2022-09-04T15:32:34Z,뚜뚜뚜,0,"하하~  비비탄 총쌈하는것같음
아직 멀었음 ㅋㅋㅋ"
2022-09-04T15:31:05Z,쀼쮸뜌뀨쓔,1,신문 아니구 심문.....
2022-09-04T15:30:35Z,Kindy Li,1,빨갱이영화
2022-09-04T15:20:40Z,시련은 있어도 실패는 없다,0,"추석명절 개봉도 그렇고
느낌이 왠지 어릴 적 성룡의 폴리스스토리
그런느낌이 드네 ㅋㅋㅋ"
2022-09-04T15:13:08Z,유닛 부동산,0,빠인 땡큐 앤유 ㅋㅋㅋㅋ
2022-09-04T15:11:28Z,밤바람,0,돈으로 패면 금융범죄 ㅋㅋㅋ
2022-09-04T15:09:57Z,포도쿠키,0,느낌이 영화 망할듯
2022-09-04T15:01:11Z,덕후,0,리정혁동무 총정치국장 아버지와 함께 나왔군 기래..
2022-09-04T14:55:40Z,영재 박,0,극장한편 본거같은 느낌  그후로는 스토리 예상적중될듯   리뷰보고  극장 안감  난  다봤는데머
2022-09-04T14:54:47Z,AB,3,공조에 범죄도시 뭍히지마셈 ㅋㅋ 공조보면 걍 토나옴
2022-09-04T14:50:12Z,땁따다땁,0,사랑의 불시착이랑 같은 세계관임?
2022-09-04T14:49:54Z,장쩡,1,사랑의 불시착에서도 현빈과 저 배우님 북한 사람으로 나오지 않았나요?
2022-09-04T14:48:25Z,Vision 2050,12,윤아는 이제 완전한 배우로 인정 ㅎㅎㅎ
2022-09-04T14:45:17Z,회덮밥킬러,0,히정혁이네
2022-09-04T14:44:41Z,이지환,0,현빈은 불시착이랑 공조랑 다 북한연기하네 이러다 빨갱이되것네ㅋㄲ
2022-09-04T14:41:39Z,상대성,0,윤아는 내사랑~~~^^♥
2022-09-04T14:41:00Z,모데카이저동생,1,@11:30 은근슬쩍 까는거야 형?
2022-09-04T14:40:41Z,White Randy,0,뭘까....가정붕괴 현장 보는 모습이란....남의 모습이 아니었다는게 아프네.
2022-09-04T14:38:19Z,리치,1,"1: 23여기 차 폭파장면...
카메라 구도도 그렇고 차 뒤집어 지는 거나  
켑틴아메리카 윈터 솔져에서  닉퓨리가 윈터 솔져랑 처음 조우하는 장면이랑 
너무 비슷하다고 느끼는 건 나 뿐인가?"
2022-09-04T14:33:34Z,훅,0,겁나 재미것다
2022-09-04T14:29:36Z,1누군가1,0,9:50 형이 왜 거기서 나와...?
2022-09-04T14:26:07Z,다귀,1,3:28 뜨끔
2022-09-04T14:25:55Z,Ang-GiMMOTY,0,어 총정치국장님도 나오시네 ㅋㅋㅋ
2022-09-04T14:24:52Z,비밀,0,"공조는 유일하게 코믹이라 재밋을거 같네 ㅋㅋ
올해 개봉한 영화들 하나같이 ㅈㄴ 망작이라 그런지 이거는 그나마 기대대누"
2022-09-04T14:24:12Z,김찬호,1,7:14 잡았죠 ㅈㄴ웃기네 ㅋㅋㅋㅋㅋㅋㅋ
2022-09-04T14:19:17Z,Yewon Choi,2,왜 북한사람은 멋있고 남한사람은 아저씨임?? 제작자 중에 빨갱이가 있나?
2022-09-04T14:18:38Z,서정연,13,"공조2 기다렸던 작품입니다. 
꼭! 보겠습니다.
지무비님 감사합니다 💜"
2022-09-04T14:17:24Z,응애홀리ʕتʔ,0,나만 리정혁과 리정혁 아버지가 보이나..
2022-09-04T14:14:29Z,뇸뇸욤,0,공조 1 봤었는데 공조 2 언제 보지 후욱후욱
2022-09-04T14:14:26Z,Jake Won,0,배우들 머지 사랑의 불시착 연장선 인가
2022-09-04T14:06:27Z,L,0,멋지다!
2022-09-04T14:05:47Z,남웅 이,0,완전 기대작 ㄷ ㄷ ㄷ
2022-09-04T13:57:38Z,hmizzang KR,0,"현빈 다니엘헤니 투샷이 먼가 익숙하다
했더니 삼순이 같이했었구나.."
2022-09-04T13:49:19Z,유튜브한다함,0,진짜 잼있겠다... 혼자보러가야겠네;; 그나저나 형은 3만6천원보다야 많이벌지?
2022-09-04T13:47:16Z,진시황,6,윤아의 얼굴로 뷰티방송을 친히 해주시는데 하루에 100원이라니ㅠㅠ
2022-09-04T13:45:41Z,이름없음,0,북한군 총 정치국장도 나오네ㅋㅋ
2022-09-04T13:45:25Z,Indom,0,더블비 장명준 운동 ㅈㄴ 했노
2022-09-04T13:42:01Z,김진수,0,우와~ 그 쪼그만 애기조카가 저렇게나 컸네~
2022-09-04T13:42:01Z,진수,0,인터네셔널 ㅋㅋㅋㅌㅌㅌㅌㅌㅌ
2022-09-04T13:41:03Z,SEUNGHOVELY,8,공조는 나중에 드라마 시리즈로도 나오면 좋겠다 ㅋㅋㅋ
2022-09-04T13:40:24Z,제라툴,0,2:10. ㅋㅋㅋㅋㅋㅋㅋㅋ ㅈㄴ웃기네
2022-09-04T13:37:59Z,H Eunchae,1,딸 얼굴이 왜케 길어졌어 이거
2022-09-04T13:31:26Z,ᄒ낮달은태양,0,진짜 실제로 월수입 억대가 넘는 유투버는 몇명이나 되는지 궁금하다...요
2022-09-04T13:28:43Z,나 나,3,난 그냥 윤아 코믹연기보러 가겠음!!
2022-09-04T13:27:58Z,야스오,2,재이니정꿘이 만든 북뽕영화 ㅋㅋ
2022-09-04T13:23:38Z,ᄂᄂ,1,"한국영화에 북한이랑 미국나오면 미국은 항상 덜떨어진 멍청이 역할에 북한은 카리스마 씹A급 역할, 한국은 그 중간에 껴서 광대 비스무리한 역할하는 정치색 ㅈㄴ짙은 이런 영화들 지겹다 ㄹㅇ"
2022-09-04T13:18:36Z,니가아닌술과담배,1,7:51 파워챠 듣고 졸 웃었네ㅋㅋㅋㅋ
2022-09-04T13:10:04Z,이희정,0,사불 리정혁이랑 아버지보니 반갑네용
2022-09-04T13:07:59Z,홍기오빠사랑해,0,사랑의 불시착 아빠아들 그대로누
2022-09-04T13:07:12Z,이을승보배진,0,일딴 빨리 흥행하고 껄작선에서 까일거 생각하니 군침 도네
2022-09-04T13:00:37Z,정진화,0,나중에는 중국 일본도 나오냐?
2022-09-04T12:58:09Z,김시헌,2,북괴 미화
2022-09-04T12:50:49Z,01k,0,차 뒤집어지는거 윈터솔져 따라했냐...
2022-09-04T12:49:11Z,유타재즈,0,북조선 라인업이 사랑의 불시착과 세계관 연결인가요?
2022-09-04T12:45:06Z,충선강,0,ㅋㅋㅋ 재밌어졌어~
2022-09-04T12:43:51Z,뽀빠이,0,히트다 히트
2022-09-04T12:36:16Z,제다이,1,좌빨영화..
2022-09-04T12:35:36Z,Landscape Photograffer,1,국장동지와 리정혁동지 둘다 잘있네요
2022-09-04T12:34:49Z,제임스딘딘,1,북한을 미화한 이따위 쓰레기 같은 영화 더 이상 만들지 마라 ~ 남조선은 장난일지 몰라도 북한 인민들은 하루가 지옥이다.
2022-09-04T12:34:08Z,안녕,0,리정혁 개명했네
2022-09-04T12:28:55Z,왕쭈쭈,0,추석에 일쉬는날이니 보러가야겠다~ㅋㅋ
2022-09-04T12:28:01Z,JK K,0,예고편인데 절반은 본느낌.. 올추석에는 공조가 대박 나겠네요
2022-09-04T12:26:32Z,ᄒᄒ,0,북한 너무 멋있다 역시 한민족
2022-09-04T12:26:27Z,양이,1,나 구독 했음
2022-09-04T12:26:11Z,하얀색,0,전국환님 현빈님이 또 북한쪽 역할로 나오시네 사랑의 불시착에서는 북측 부자지간이였는데
2022-09-04T12:25:09Z,네? 네!,1,?ㅋㅋㅋㅋ드라마 후기작인가 사랑의 불시착에 현빈이랑 그 아버지 정치국장 배우 그대로 나왔네 ㅋㅋㅋ
2022-09-04T12:20:45Z,종후니,0,돈이 아깝지않게 재밌을 거 같네요
2022-09-04T12:16:12Z,바나나맛참치,1,이거 너무 전형적인 한국영화 느낌이어서 그냥 그랬는데 올만에 배역 그대로 두번째 작품 나오니까 반갑긴 하네 ㅋㅋ
2022-09-04T12:11:32Z,김서찬,12,공조1 너무 재밌게 봤는뎈ㅋㅋㅋㅋㅋ 아 진짜 이게 나오넼ㅋㅋㅋ 꼭 보러 간다..!!
2022-09-04T12:03:50Z,한동욱,1,믿고 보는 유해진~
2022-09-04T12:03:41Z,감형없는종신형,0,네 7일 바로 직관
2022-09-04T12:01:37Z,빡빡보틀 PacPac Bottle,1,2:33 사랑의불시착에 이어 다시만난 전 아버지와 전 아들
2022-09-04T11:56:55Z,최고,0,아 여기서 위성락이랑 친해져서 텐트밖은유럽에서도 친했구나
2022-09-04T11:50:21Z,stillend,11,개인적으로 이 영화는 유해진 없으면 안되는 영화입니다.. 진짜 유해진의 진면목이 들어난다고 할까.. 아. 너무 좋아 해진오빠 으앙아아아아ㅏ아아
2022-09-04T11:48:57Z,시스코,9,범죄도시랑 공조 모두 오래 오래 우려먹어서 마블 마블 시네마틱 유니버스처럼 길게 길게 갔으면 좋겠네요 ㅠㅠ 너무 재밌어...
2022-09-04T11:48:14Z,김제임스,0,유해진이란 인간 참 멋있다 ㅋㅋㅋㅋㅋㅋㅋ
2022-09-04T11:46:13Z,터보레이터,0,유해진 딸래미도 1에 나왔던 아이인가요?
2022-09-04T11:46:11Z,PRADA,0,"2:33 드라마에선 부자지간, 영화에선 상하관계ㅎㅎ"
2022-09-04T11:43:27Z,king 피스,0,아니 이름이 왜 장명준이냐곸ㅋㅋㅋㅋ
2022-09-04T11:42:49Z,로E스터,1,윤아 감초연기 보소 ㅋㅋㅋㅋㅋㅋㅋ
2022-09-04T11:42:40Z,stillend,0,사랑의 불시착의 아빠가.... 여기 또 계시네요??
2022-09-04T11:40:46Z,참치,3,"솔직히 여러모로 전작이 A급 영화는 아니었지만, 
요즘 하도 망작이 많이 나와서 보통만 되어도 충분히   A급 영화가 될 듯"
2022-09-04T11:40:40Z,↺ZuLu\44㋡,0,"아니 스위스 계좌 들고 굳이 왜 한국으로 튀냐고ㅋㅋㅋ
웃긴거 빼면 시체인 영화 답다… 봐야징ㅋㅋ"
2022-09-04T11:36:12Z,신동현,0,0:29더×비 장잼민??
2022-09-04T11:35:11Z,5reps,0,개재밋겟다 ㅋㅋㅋ
2022-09-04T11:28:24Z,Zoe,0,남한남성 비주얼 무슨 일이냐
2022-09-04T11:27:40Z,킴민줴,1,장명준 더블비 맴버 아님?ㅋㅋㅋㅋㅋㅋㅋ
2022-09-04T11:27:02Z,규단SL,0,북한 간첩 특징: 잘생기고 카리스마 있음 ㅋㅋㅋ영화판이 좌빨들 천지니까 북한에 대한건 온통 미화됨
2022-09-04T11:21:12Z,world best,0,윤아가 뷰티 유튜버하면 3만6천원이 아니라 360억은 벌듯 ㅋㅋㅋㅋㅋ
2022-09-04T11:20:23Z,이담,2,해진이형 현빈이형 얼굴보니까 이번영화도 재밌을듯(아직 영상 안봄)
2022-09-04T11:16:25Z,음머,1,윤아 이제 어엿한 연기파 배우다 ㅋㅋ
2022-09-04T11:16:14Z,B A,0,"걸레작도 비판없이 홍보해주는것도 용기지만 글쎄요,,,,,,,,,,,,,,,, 너무 많네요"
2022-09-04T11:13:35Z,크레파스,0,불시착 부자지간으로 그대로 나오셨네
2022-09-04T11:07:58Z,잇히,0,왜 영화 벌써 다 본 느낌이 나지
2022-09-04T11:05:41Z,진달새,0,시라소니가 왜 여기에...
2022-09-04T11:01:44Z,_ K,0,일당백 ㅋㅋㅋㅋ
2022-09-04T11:01:18Z,kim,0,ㅎㅎ진선규님 헤어스타일 야인시대 시라소니 ㅋㅋㅋㅋ고마잉ㅋㅋㅋ
2022-09-04T10:57:55Z,마루애미,0,ㅋㅋ장명준 몽타주 무엇ㅋㅋ 빨간모자쓰면 슈퍼마리오 아니냐고ㅋ 남한에 버섯따러 온거냐고ㅋㅋㅋ
2022-09-04T10:56:58Z,Jay,2,윤아 개웃기네ㅋㅋㅋㅋㅋㅋㅋㅋㅋㅋ
2022-09-04T10:55:02Z,소프트기타Soft Guitar,0,2:32 아버지
2022-09-04T10:53:49Z,공선생,0,지무비 잘한다
2022-09-04T10:47:52Z,박환서,0,민규형은 출연 안하네
2022-09-04T10:43:03Z,둥이,0,와 ㅋㅋㅋ 현빈 북한사투리 사랑의 불시착에 나온 사투리랑 똑같애 ㅋㅋㅋㅋㅋ
2022-09-04T10:33:29Z,조웅진,0,사랑의 불시착 북한형님들 요서 뭐하노
2022-09-04T10:29:25Z,새벽향기,3,공조1을 안보신분이라면 먼저 보시고 2를 보시길 권해드립니다
2022-09-04T10:27:28Z,charlie shin,0,윤아사돈 항상 응원해요 👍
2022-09-04T10:26:59Z,정점잉,1,장명준?..ㅋ
2022-09-04T10:26:38Z,이호준,1,언제까지 이런 좃같은 북한미화 영화가 나오는거지 ㅋㅋㅋ
2022-09-04T10:23:16Z,신사민규,68,유해진 배우님은 썸네일로만 봐도 재밌다ㅋㅋㅋㅋ이 영화도 묵혀놨다가 겨울방학에 캠프 예능이랑 한꺼번에 봐야겠다
2022-09-04T10:23:03Z,김미애,1,너 누구야
2022-09-04T10:19:44Z,Windsor Park,0,10:34 하우아ㄹ유는 못참짘ㅋㅋㅋㅋㅋ
2022-09-04T10:12:51Z,주접킹,4,ㅋㅋㅋ 유해진 배우님 때문에 기대되는데? ㅋㅋㅋ 재밌겠다. 공조1을 안 봐서 2 볼 생각 없었는데 지무비님 덕분에 보러 갑니다.
2022-09-04T09:57:14Z,Flora Shim,0,대장동지 아들을 또 남한으로 보내네~ ㅋㅋ
2022-09-04T09:54:05Z,ylè k,0,더블비?
2022-09-04T09:53:35Z,O O,0,또 북한임?
2022-09-04T09:50:22Z,겨털캠핑,0,잼있겟다.
2022-09-04T09:50:15Z,3057 jjjun,3,진선규 배우님 진짜 너무 불쌍해;; 이젠 다들 배우 위성락으로 알고 있어 ㅋㅋㅋㅋㅋ
2022-09-04T09:49:37Z,xxmixx XX,2,윤아 진짜 귀여워
2022-09-04T09:48:13Z,마정호,0,한국영화는 안본다 이제
2022-09-04T09:48:08Z,이바다,0,리정혁과 아버지?
2022-09-04T09:45:32Z,John Clayton,2,유해진 영화는 재미 보장이지 ㅋㅋ
2022-09-04T09:45:18Z,이츠미,1,철령씨 부인이 손예진이었음?ㅋㅋ
2022-09-04T09:45:18Z,강현석,0,아 빨리개봉해라ㅋㅋㅋ
2022-09-04T09:45:17Z,orosung,0,위성락ㅋㅋㅋㅋㅋㅋㅋㅋㅋㅋ 짤음ㅋㅋㅋ
2022-09-04T09:41:56Z,ᄋ ᄋ,1,너무 북한간첩 미화 영화잖아ㅋㅋ
2022-09-04T09:41:00Z,임마몰라,1,Kcm인줄알았는데 진선규였네
2022-09-04T09:32:37Z,이재용입니다만,0,나만 사랑의 불시착 생각하나...?
2022-09-04T09:32:00Z,양넴,1,"조선소년단 ㅋㅋㅋㅋㅋㅋㅋㅋㅋㅋㅋㅋㅋㅋ 내취향이야 ㅋㅋㅋ 
현빈 캐릭터 재밌어졌네 ㅋㅋㅋㅋ"
2022-09-04T09:31:55Z,KDT,1,지무비님 빅마우스 리뷰 해주세요
2022-09-04T09:30:21Z,날아라화랑,1,진짜 기대됩니다 1도 너무 재밌었거든요 ㅎㅎ
2022-09-04T09:25:16Z,Jaehyeok Cho,0,김삼순이 없누
2022-09-04T09:23:02Z,용준,0,Jk필름은 또 뭘 ‘참고’했겠지 전작도 참 ㅋㅋ..
2022-09-04T09:22:12Z,엄준식,0,그래서 딸한테는 아이폰 사줬냐
2022-09-04T09:18:49Z,남와탕카,1,음청 재미있을 꺼라고 확신함
2022-09-04T09:18:15Z,박승슥,0,다니엘 기가막히네 현빈대응마로  손색업디야~~
2022-09-04T09:17:01Z,Wade Lee,0,Bi4b
2022-09-04T09:13:02Z,Ban Park,0,조카가 이모보다 더 늙어 보이네 ㅋ
2022-09-04T09:12:53Z,정승언,0,작중 연아라는 애는 벌써 중3이 됐네 역시 애들은 금방 커
2022-09-04T09:10:37Z,바롤로,6,"외계+인, 비상탈출과 다르게 범죄도시2에 이은 1천만 관객 기대작임"
2022-09-04T09:09:42Z,최명환,7,윤아는 사랑입니다 💕 💜
2022-09-04T09:09:28Z,Water Minenal,0,"너무착해졌다 장면준 ㅋㅋㅋ
요즘 먹고살만해져서 악의 표정이 없어졌네 ㅎㅎ"
2022-09-04T09:05:54Z,정력왕 원준킹,0,이거 현빈이랑 전국환 배우님 사랑의 불시착 아빠 아들 멤버 아님? ㅋㅋ
2022-09-04T09:02:48Z,박상혁,1,범죄도시처럼 몇편 더 나왔으면 좋겠네
2022-09-04T09:01:23Z,피부암통피,0,근데 존나 웃긴게 영화니까 가능하지만 빨갱이새끼랑 공조하면 국정원 요원이랑 공조하지 그냥 형사나부랭이랑 하겠나...
2022-09-04T09:00:47Z,레쓰비,0,잉? 총정치국장 왜나옴ㅋㅋㅋㅋ 손예진도 나오는거아니냐ㅋㄱㅋ
2022-09-04T08:56:59Z,행복한 갱얼쥐,3,유해진씨 나오는 영화는 어떤작품이 됐던 볼 가치 있음
2022-09-04T08:55:53Z,리망꼬,0,일당백 ㅎㅎㅎ
2022-09-04T08:47:40Z,김병규,0,썸네일 너무 웃김 응원의 신 ㅋㅋㅋ
2022-09-04T08:40:06Z,ᄋᄋᄋ,2,처제가 제일 웃김ㅋㅋㅋㅋㅋㅋㅋ
2022-09-04T08:32:14Z,김현남,4,ㅋ윤아왜이리귀엽냐
2022-09-04T08:29:18Z,yssrfg joshua,0,"북 ㅎ미화.반미 등등 그냥 킬림타임용 ㅋ
감사합니다"
2022-09-04T08:28:53Z,MH K,0,첨단과학멘트후 k5 질주 ㅋ
2022-09-04T08:26:14Z,신덕앞바다에사는89호물개,0,야야. 고조영화 안봐도 되겠어야
2022-09-04T08:23:36Z,정종범,0,아 지무비님 진짜 존나웃기다
2022-09-04T08:20:00Z,상훈,0,현빈봐도 정신 못차리는데 다이얼헤니보니낀 더 정신못차리노 ㅋㅋㅋㅋ
2022-09-04T08:17:47Z,불사조토트넘,0,진선규가 차라리 머리 짧게 하고 흉터같은 것 좀 만들어서 더 카리스마 있는 이미지를 심어주는게 더 나았을듯.
2022-09-04T08:17:40Z,애준,0,1:24 ???
2022-09-04T08:17:24Z,Hw K,2,리뷰 역시 찰지다ㅋㅋㅋ 최고ㅋㅋㅋㅋ
2022-09-04T08:15:08Z,사람,0,장명.. 뭐라고?
2022-09-04T08:14:02Z,lovely Jun,4,8:29 ㅋㅋㅋㅋㅋㅋㅋㅋㅋㅋㅋㅋㅋㅋㅋㅋㅋ
2022-09-04T08:13:55Z,채진혁,0,이게 뭐야 진짜 보다보니까 시할아버지가 나오다니
2022-09-04T08:13:20Z,루드굴리트,0,리정혁 아빠 여기서도 나오는군ㅋㅋ
2022-09-04T08:12:22Z,채진혁,3,진짜 진짜로 만약에 이 내용과 “사랑의 불시착”이 연결되면 진짜 잼 나겠다
2022-09-04T08:11:57Z,완생이,1,"공조1,사랑의 불시착,내 이름은 김삼순 도대체 인연들이 얼마나 엮인거야 ㅋㅋㅋ"
2022-09-04T08:09:41Z,INFO,1,사랑의 불시착에서 현빈 아부지가 또 비슷한 북한 고위직으로 나왔네여 ㅎㅎ
2022-09-04T08:08:12Z,이z라리,0,국내 금융 사기범도 우째 좀 해주라
2022-09-04T08:05:40Z,Einstein Albert,0,총쏠때 엄폐안하는거 보고 바로 거름
2022-09-04T08:00:12Z,부자강영,0,딸이 커가면서 유해진을 닮아가네;;
2022-09-04T07:57:40Z,YUYUNA,0,진선규 스타일때문에 집중이 안되네. 헤어랑 콧수염...누구 작품이여?
2022-09-04T07:54:34Z,콘사도레,0,극좌익세력들은 북조선 중공과 어떻게든 엮는걸 좋아해.
2022-09-04T07:54:18Z,모두 웃어유,2,다니엘헤니 전래 멋있다 진짜
2022-09-04T07:54:09Z,이선연,0,너무 재미있을것같아요ㅠ
2022-09-04T07:53:50Z,주머니,0,재밌어졌어 .....  역시 최형욱은 럭키가이~!
2022-09-04T07:53:06Z,youtube휘린,0,범인 이름 장명준ㅋㅋㅋ
2022-09-04T07:50:55Z,콩순E,0,재밌겠다
2022-09-04T07:47:36Z,모두 웃어유,0,저 아재 그 현빈 드라마 아재길래 나도 헷갈렸네? 같은 배역이구나 ㅋㅋ
2022-09-04T07:46:14Z,가스파엘,20,ㅋㅋㅋㅋ 윤아는 저런 코믹캐릭터 진심 잘 소화하는듯
2022-09-04T07:45:08Z,바라미8888,1,"""내 이름은 김삼순"" 이후 17년만에 결합한 현빈과 헤니의 만남.ㅋㅋ"
2022-09-04T07:38:51Z,요시키사마,0,ㅋㅋㅋㅋ 현빈 상사 사.불 아빠 아니냐고
2022-09-04T07:37:11Z,Lv. 999,0,"ㅋㅋㅋ 민영이 저 얼굴로 뷰티유튜브하는데 연봉이 3만7천원이면 거의 정지화면급아니냐 ㅋㅋㅋ
저 얼굴 욕만해도 연봉 3만7천원보다 더 벌겠다 ㅋㅋㅋ"
2022-09-04T07:31:25Z,PGA BIN7,2,리정혁아버지가 여기서나오네 ㅋㅋㅋㅋ
2022-09-04T07:28:02Z,B,2,"극중 유해진 딸 많이컸네ㅋㅋㅋㅋㅋ
어릴때 얼굴이 살짝남은채로
이쁘게잘컷네"
2022-09-04T07:26:04Z,가나다,1,"어차피 디테일이 중요한 영화는 아니지만
20세기 서나 단골로 먹히던 스위스계좌..
지금은 추적.동결 다돼서 아무도 안씀.

진선규씨 연기와 인격이 훌륭한 배우지만
타이틀롤 악역으론 좀 약함.
류승룡이나 차승원이 했으면 좋았을.."
2022-09-04T07:25:26Z,채은성 No.55,1,사랑의 불시착 보는거같다 ㅋㅋㅋㅋㅋㅋㅋㅋ
2022-09-04T07:21:23Z,RaYeon,4,0:28 더블비가 왜?...
2022-09-04T07:17:26Z,오지운,209,어떻게 연봉 36000에서 일당백 드립으로 넘어가지 ㅋㅋㅋㅋㅋ 작가 진심 천재네
2022-09-04T07:14:36Z,이인서,4,02:37 뭐야 사랑의불시착이랑 같은 세계관이야?
2022-09-04T07:14:29Z,꿀션,0,더블비 장명ㅈ..ㅋㅋ
2022-09-04T07:12:02Z,아는마녀동숙,0,이거 좀 잘못된듯..현빈이 북한군 전문 배우인가요? 북한군이 다 저렇게 생긴건 아닌데…
2022-09-04T07:11:57Z,오,1,북한은 한국 못잡아먹어서 안달인데 한국은 주구장창 북한미화영화 찍어내는구나
2022-09-04T07:11:38Z,이정훈,0,0.432638889
2022-09-04T07:11:23Z,Kim jong hwa,1,4:00 서동원 살찐거 실환가 ㄷㄷㄷㄷㄷ 딴사람인줄
2022-09-04T07:10:02Z,스톰이,0,와 ㅋㅋ편집한분 누구야....????? 파워창~~ 겁나 뿜었네
2022-09-04T07:09:01Z,시발 다 좇같아시발,0,키보드로 사람 패서 사이버 범죄인 게 개웃기네 ㅋㅋㅋㅋㅋㅋㅋㅋㅋㅋㅋㅋㅋㅋㅋㅋㅋㅋㅋㅋㅋㅋㅋㅋㅋㅋㅋㅋㅋㅋㅋㅋㅋㅋㅋㅋㅋㅋㅋㅋㅋㅋㅋㅋㅋㅋㅋㅋㅋㅋㅋㅋㅋㅋㅋㅋㅋㅋㅋㅋㅋㅋㅋㅋㅋㅋㅋㅋㅋㅋㅋ
2022-09-04T07:06:09Z,yooy hooy,0,간단하게 죽엌ㅋㅋㅋㅋ
2022-09-04T07:05:08Z,11 alclek,0,추석만 아니면 망할 영환데
2022-09-04T07:03:58Z,유키,0,키보드로때리면 사이버범죄 돈으로때리면 금융범죄 계산기로 때리면 디지털범죄 ㅎㅎㅎㅎㅎ
2022-09-04T07:03:37Z,강다율,0,더블비 장명준 ㄷㄷ
2022-09-04T07:01:40Z,모찌TV,1,와 조카가 많이 컸네요 근데 스토리상으로도 전혀 어색하지 않네요
2022-09-04T07:01:23Z,SOYA YI (시그마천공),0,Winsome coffee  전혀 뉴욕 감성 아님ㆍ 세트장 뽀록 제대로 남
2022-09-04T06:58:01Z,하트 달아주세요! Gimme heart plz!,0,공조 2 기대기대! 두구두구두구
2022-09-04T06:57:39Z,코수,1,"아무리 영화지만
임윤아 얼굴로 1년에 3만원???....
에바잖앜ㅋㅋㅋㅋㅋㅋ"
2022-09-04T06:55:58Z,주오일,5,윤아는 정말 마법의ㅇ케릭터.ㅋㅋㅋ
2022-09-04T06:55:27Z,조준영,1,7:06 카드씬 ㅋㅋㅋㅋ
2022-09-04T06:54:05Z,적근산헬스충,334,요즘 확실히 범죄도시도 그렇고 시리즈물에서 그 전 등장인물이 그대로 등장해주면서 그 맛이 있네요 보통 시리즈물 보시는 분들이 원하는대로 흘러가서 너무 좋아요 ㅎㅎ
2022-09-04T06:53:49Z,Lee Sung-Woo,0,2:30 아빠랑 아들이 또..
2022-09-04T06:53:18Z,임채원,0,일당백 화났넼ㅋㅋㅋㅋㅋㅋ
2022-09-04T06:51:46Z,hyun g,0,1편의 재미와 액션을 그대로 이어옴 근데 아쉬운건 1편 빌런인 차기성급의 매력을가진 빌런이 없다는거 진선규의 장명준은 범죄도시에서 본 조선족캐릭터같음 신선함이없음 아그리고 딸로나온아이 5년만에 폭풍성장해서 못알아볼뻔
2022-09-04T06:50:43Z,그라샤,0,응 다운용
2022-09-04T06:46:47Z,개한테물려도이거보단안아프지,0,ㅈㄴ재밌겠다 ㅠㅜ
2022-09-04T06:46:15Z,크쿠루핑크퐁,0,응원의신 ㅋㅋㅋㅋ
2022-09-04T06:43:11Z,제로콜라,1,배우 위성락ㅋㅋㅋㅋㅋㅋ 고유명사급이네ㄱㄲㅋㅋㅋㅋ
2022-09-04T06:39:29Z,구너,0,지무비가 리뷰하는 공조 못참지ㅋㅋㅋ
2022-09-04T06:37:57Z,젤리킹,1,0:43 옆동네 채널에서 심문 신문으로 고통받아서 정의 쓴거 개웃기네
2022-09-04T06:37:49Z,싱숭생숭,0,"5년이나 됐군요
몸이 예전 같지 않습니다 삐걱"
2022-09-04T06:35:03Z,제너럴박,1,일당백 ㅈㄴ웃겼다 ㅋㅋ
2022-09-04T06:31:51Z,곽류익,0,해진이형은 믿고봐야지 ㄹㅇ
2022-09-04T06:31:26Z,두 개의 중국 两个中国,0,씨이발 첫장면 부터 좌파들이 북한 미화한 느낌이 나노
2022-09-04T06:29:03Z,ʕ•̬͡•ʕ•̫͡•NⱯWƎꓶOꓛ ƎINNOꓤ,0,북한 띄워주기 영화 너무 ㅈ같다
2022-09-04T06:22:40Z,에이체.,1,이게 뻔한스토리 뻔한액션이라서 볼때 오히려 편하게 그냥 볼수있음
2022-09-04T06:22:07Z,Andy omg,1,윤아 진짜 이쁘다
2022-09-04T06:21:42Z,JH,1,"제발 북한찬양할꺼면 북에 현빈처럼 잘생긴 사람많으니깐 좀그냥 북으로 가서 살아ㅠㅠ
우리나라에서 이런영화만들지말고…
우리나라는 유혜진님 같은남자밖에 없으니깐 제발 북으로가라… 특히 이런영화만들는 감독아…. 북으로 가"
2022-09-04T06:20:16Z,치 민우,0,아역배우가 그사람맞아요??
2022-09-04T06:19:57Z,로또로또1등되게해주세요,0,사랑의 불시착  김국환 배우님이랑 현빈이랑 아버지와 아들  다시 만나노 ~~?? ㅎㅎㅋㅋㅋ 이게 여기서 연결이되나 ??? ㅎㅎㅋㅋ
2022-09-04T06:17:16Z,:N,0,"북한 장군님 사랑의 불시착 현빈 아버지로 나오신분 아닌가? 
이렇게 보니까 반갑지않소"
2022-09-04T06:16:04Z,Carpe diem,0,왜 한국 남자는 항상 외모가 박살나있냐?
2022-09-04T06:12:11Z,퇴근시간,0,북ㅎ나 특수요원 강냉이만 쳐먹어서 배고파서 저렇게 절대 못함
2022-09-04T06:11:56Z,슈슈슈슈,0,감사드립니다
2022-09-04T06:11:46Z,리믹스,0,빨갱이들 정권 뺏겨서 이제 빨갱이 미화랑 반일은 안먹힐건데.....
2022-09-04T06:09:38Z,장비에스타의 짜세,0,아 현빈은 영화 드라마 가리디 않고 조선민주주의공화국 파이터 연기를 하니 햇갈리는구만 ㅋㅋㅋㅋ 저 아저씨 드라마에서 아빠 였던거 같은데 ㅋㅋㅋㅋ 말투 왜이래
2022-09-04T06:09:00Z,호랑호랑세기,0,많이 컸다
2022-09-04T06:07:50Z,에바그린,1,일당백 ㅁㅊ ㅋㅋㅋㅋ
2022-09-04T06:06:42Z,Hyuk Kang,2,8:15 너무 귀여움
2022-09-04T06:04:30Z,아도겐,0,미남 배우3명의 활약!?기대되는군요
2022-09-04T06:02:59Z,장미희,2,공조 나온지 5년이나 되었다니..
2022-09-04T06:01:57Z,MarlboroRED1988,1,다니엘 헤니는 여전히 잘생겼네.
2022-09-04T06:00:02Z,Kim DongHwi,0,1:22 캡틴아메리카 윈터솔저인줄 ㅎㅎ
2022-09-04T06:00:00Z,YeongJun Song,8,재밌겠닼ㅋㅋㅋㅋㅋ 공조 1 너무 재밋게 봤는데 배우진이나 구성이나 너무 기대됩니다 ㅋㅋ
2022-09-04T05:55:58Z,강진호,0,엑시트속편.기대해봅니다.
2022-09-04T05:55:45Z,연필,0,막내까지 커가지고 디테일 지리네
2022-09-04T05:55:42Z,이우기,1,"북한체제를 우리가 선하게 생각하도록 만드는 아주 나쁜 의도가 숨어 있는 영화!!!!

현실 세계에서 절대 일어날 수 없는 것을 영화를 통해 잘 포장한 영화

북에 있는 김정은 정권은 우리가 무너뜨려야 하는 대상이지 절대로 같이 손잡고 쎄쎄쎄 할 수 있는 상대가 아닙니다

 북에 있는 주민들을 하루 빨리 자유로운 세상에서 살게하려면 이런 영화 절대로 보면 안됩니다~~~~

이 영화가 망해야 북이 하루라도 더 빨리 무너집니다"
2022-09-04T05:54:46Z,용사이언,0,들을때마다 “이쌔ㄲ모야” 이거 졸라 웃기넼ㅋㅋㅋㅋㅋㅋㅋㅋㅋ
2022-09-04T05:54:15Z,ᄏᄏᄏᄏ,0,응? 사랑의 불시착에서 현빈 아빠로 나오는 분 또 나왔네 ㅋㅋ
2022-09-04T05:51:00Z,선씨,0,와 딸 많이컸네
2022-09-04T05:43:44Z,엘리사,0,현빈 아바이 동무도 나왔는디 어째 애미나이는 안 보이는게야?
2022-09-04T05:43:02Z,김양수,0,왜 안올리나 했다
2022-09-04T05:39:43Z,윤켈라,0,대건쌤 학생 입니다.ㅋㅋㅋ
2022-09-04T05:39:04Z,Kjh Hi,2,진짜 윤아 꺠알이네 ㅋㅋ
2022-09-04T05:37:29Z,제제왕국,1,전 jk필름이 만들었다는 걸 안 저는 이거 말고 블랙폰이나 보러 갈려고요
2022-09-04T05:37:23Z,삑구김,0,딸내미 엄청 컸네 ㅋㅋㅋㅋ
2022-09-04T05:36:42Z,zaan,1,아니 이거 몇년만의 삼순이야 ㅋㅋㅋㅋㅋㅋㅋㅋㅋ
2022-09-04T05:29:07Z,지성 윤,0,"아니 장명준 뭔데 ㅋㅋㅋ
더블비ㅋㅋㅋㅋ"
2022-09-04T05:28:42Z,Ryu,1,와 꼬맹이 아역배우가 엄청 컸네요 ㅎㅎ
2022-09-04T05:28:24Z,RUSSELL,0,재미도 없는거 왜 또 하는 거지
2022-09-04T05:28:01Z,Wonyoung Cho,0,연아 진짜 많이 컸네
2022-09-04T05:25:43Z,helio,0,북한을 정상국가 처럼 묘사하는건 좀 ...
2022-09-04T05:24:31Z,LearnsToRock,0,현빈.. 또 말아드시겠네
2022-09-04T05:22:53Z,Minwook Park,3,유튜버된 민영이 백수탈출 추카추카ㅋㅋ
2022-09-04T05:20:54Z,나토 미,0,현빈  손예진이랑  결혼 한다은 얘기 진짜인가여
2022-09-04T05:19:47Z,Sandy Parnell,0,English translation version please!
2022-09-04T05:19:05Z,준혁황,0,"""Let's pick a color to organize tNice tutorials"" *picks the sa red for every soft"
2022-09-04T05:18:45Z,구름,36,공조1 진짜 재밌게 봤는데 2도 리뷰만 봐서는 그맛 그대로인것 같아서 좋다
2022-09-04T05:15:55Z,유승용,0,딸이 이모보다 더 늙어 보이는건 내 눈이 당뇨로 인해 합병증으로 나빠져서 그렇게 보이는 것일수도 있는건가요?
2022-09-04T05:14:06Z,Hyunjung Park,1,마치 인권 민주주의를 나불나불 대다 김정은 한테 한마디 못하고 있는 문재인과 비슷한 북한 특수요원
2022-09-04T05:13:41Z,성우 김,0,마을버스 타고 북으로 가려나 ㅋㅋㅋ 마을버스였숴!!!!
2022-09-04T05:12:39Z,김영웅,0,공조1에 나온배우들 다나오네
2022-09-04T05:11:35Z,제임스딘,0,아무리 영화라도 빨갱이를 저런식으로 묘사하면안되는데
2022-09-04T05:11:16Z,죽사짱,0,ㅈㄴ재밌네 와 보러가야지 가즈아
2022-09-04T05:11:11Z,이재환,0,"현빈은 왜 자꾸 북한쪽으로 나옴?
나오는 영화 마다 북한쪽이네
북한을 동경하는거임?"
2022-09-04T05:09:01Z,뭐라하지마,0,응원의 신ㅋㅋㅋㅋ
2022-09-04T05:06:50Z,G8-01-05-AHN DOKYEONG,4,일당백 드립이 개웃기네 ㅋㅋㅋㅋㅋㅋㅋㅋㅋ
2022-09-04T05:03:13Z,황승준,97,10:25 윤아가 진짜 겁나웃기네여 ㅋㅋㅋ
2022-09-04T05:01:04Z,When they go low_ We go high,1,"배우들이 다 넘 좋아서 보고싶다. 재밌을듯.
액션 코미디 굿이다 ㅋㅋ"
2022-09-04T04:58:01Z,Timo,1,"아 정말... 저런 식에 사상 홍보 목적성을 갖고 만든 영화 .. 정말 싫어 ... 

뭔 .. 영화랑 배우 이용해서 북괴가 미국이랑 싸우는 데 한국이 중재하는 듯한 이미지 심으려고? 

북괴가 우리나라는 아닌데 미국만 적이라서 핵폭탄 만들고 군사훈련 하는 거야? 응? 

어디서 개 선동질이야!

그게 바로 쇠뇌 라고 하는 거야 ! 

사기꾼이 나 사기꾼이다 하고 사기 칠거같니? 아니면 꽃미남에 매너남 내세워 사기 칠거 같니?

영화 이런 거 이용해서라도 북괴에 대한 나쁜 이미지 세탁하고 

미국은 나쁜 놈들이다 선전 만드려고 하는 

저런 영화인들은 나라에서 내 쫓자 제발 ..

야 ! 너 감독 ! 그냥 북괴에 가서 살어"
2022-09-04T04:57:44Z,Katelsk카텔스크,0,명준이 형 잘 있지..?
2022-09-04T04:57:31Z,s,0,진선규 와이리 스타일이 어나니머스 가면같냐
2022-09-04T04:52:40Z,HITMAN,0,6:50 저 분 어디서 봤는데 했더니 신세계 연변거지셨네 ㅋㅋㅋ
2022-09-04T04:52:11Z,Hunter Kim,0,"총정치국장은 아들 리정혁동무를
또 남조선에 잠입시키고
위성락이는 류해진을 매수해서
유럽으로 도망가 텐트치며 도피행각중"
2022-09-04T04:52:03Z,지룡자,0,원격포맷은 지룡자🐾
2022-09-04T04:49:16Z,다람쥐,0,재밌겠다
2022-09-04T04:48:02Z,기마이,0,공조1이 흥행했었다고? 처음들어 ㅎㅎ
2022-09-04T04:47:05Z,실크,0,노엘 오열
2022-09-04T04:46:10Z,미미미미미,0,나 왜 계속 더블비가 생각나냐 ㅋㅋㅋㅋ
2022-09-04T04:45:05Z,B,2,"와 다니엘이 대존잘이다 찢었다
존잘 현빈 마저..."
2022-09-04T04:42:36Z,미키유천,0,괴레시ㅔ끼들을 미화하는 영화
2022-09-04T04:41:15Z,왕꾸루르르잼,12,오.. 기대를 안 했는데 생각보다 재밌겠는 걸? 지무비 효과가 아니길 바라며 예매를 해볼까?!!
2022-09-04T04:41:12Z,손실회복중,0,북한 빨갱이 미화시킨 영화
2022-09-04T04:41:02Z,방위대지구,2,역시 비율은 다니얼 햇님이지.
2022-09-04T04:39:24Z,김지환,0,"현빈과 헤니 중 누구를 골라??
둘 다 가져야지!!!!!"
2022-09-04T04:38:48Z,지한아비,0,일당 백 윤아 ㅋㅋ
2022-09-04T04:38:37Z,몬스,1,1:36 윈터솔져 인줄 알았네
2022-09-04T04:37:59Z,함두식,0,급나 재미겠따
2022-09-04T04:37:54Z,Ruby Lee,0,북한말 진짜 ㅋㅋㅋ
2022-09-04T04:32:11Z,게르망,0,총 정치국장님이 나오시네 ㅋㅋㅋ
2022-09-04T04:31:52Z,Rokm24,0,"마약수출,위조지폐 만드는 범죄테러국가가 마약범죄자를 잡으러 미국,한국에?
발상도 참..ㅠㅠ현실성 떨어진다."
2022-09-04T04:31:29Z,뮤뮤,291,윤아 코믹연기 때문에 공조1 좋아했는데 나름 이젠 직업(?) 도 생기고ㅋㅋㅋ나홀로 삼각관계 라고 해서 더 기대되네요ㅋㅋㅋㅋㅋ🤩
2022-09-04T04:29:21Z,짭스,0,어벤져스 비유 진짜 웃기네ㅋㅋㅋㅋㅋ
2022-09-04T04:27:32Z,한잔의추억,0,"굳이 윤아가 저역할을 해야만 했나 ㅋ
너무안어울리는데 ㅋ"
2022-09-04T04:26:12Z,POPCORN SWEET,0,4:55 아니 선생님 욕나와요;;
2022-09-04T04:20:07Z,진슈,1,배우들이 그대로 다 나와서 너무 좋네용 ㅎㅎ
2022-09-04T04:18:27Z,일월팔일,0,연봉 36000달러가 아니었군요. 처음엔 많이 버내하다가 뒤에 원이라서 깜놀했어요.
2022-09-04T04:17:38Z,응없어,0,이게 속편이 나오넼ㅋㅋㅋㅋㅋ케
2022-09-04T04:17:22Z,Montblanc,0,공금 갖고 튄 태영호 얘기네...
2022-09-04T04:17:19Z,미소답게,0,"난 현빈은 그닥 안좋아해서 안땡기는데
진짜 다니엘헤니 랑 유해진 보고는쉽디ㅡ"
2022-09-04T04:16:50Z,정민 프리미엄,0,신문 아니고 심문입니다. 무슨 조중동 일간지도 아니고
2022-09-04T04:15:27Z,나,1,딱봐도 개노잼...예상가는 결말 뻔한 레파토리
2022-09-04T04:09:45Z,밍밍,0,"진실한 마음으로 드리는 조언입니다. 

- 예슈아커밍 -

진실한 마음으로 드리는 조언입니다.
이 세상은 지금 온갖 지식으로 가득 차 있습니다.
지식 뿐 만이 아니라, 거짓으로 가득 차 있습니다.
그렇기 때문에, 다른 사람의 말을 너무 의지 하지 마시라고 권해드립니다.

지금은 귀중한 정보들은 하나 둘 씩 사라지고 있습니다.
하나 둘 씩이 아니라 뭉탱이로 사라지고 있습니다.
의지 할 곳은 오직 창조주 하나님 밖에 없습니다.

님의 마음에 진리의 성령님이 계십니다.
기도를 해 보시면, 평안으로 무엇이 진실인지 알려 주실 것입니다.

저는 2009년 부터 하나님께서 엄청난 양의 정보를 영어권에서 알게 하셨습니다.
님께 하나하나 다 알려줘도 잘 이해하지 못할 것입니다.
믿던지 안 믿던지 예슈아 하나님을 직접 약 20회 만났습니다.
예슈아 하나님은 저에게 이렇게 말씀 하셨습니다.

Aliens are living among us.
외계인들이 이 사회에 사람들과 섞여서 살고 있다고 합니다.
외계인들이 외계에서 온 존재들이 아니고, 오래 전부터 그 존재들이 이 땅에 서식하고 결혼도 하고, 자식도 낳고, 점점점 디엔A가 섞였다는 말입니다.

그리고, 80억 인구가 살고 있지만, 단 한사람도 순수 인간의 디엔A가 이 땅에 없다고 봅니다. 다 섞였습니다.
그 관계라던지, 에녹 선지자를 통해서 200명의 타락한 천사들로 인해서 이 땅이 황폐해진 모든 관계들을 하나하나 다 말을 해 줘도 님께서 잘 이해하지 못합니다.

저는 하나님께서 영적인 세상과 이 땅의 현실에서 어떤 일들이 일어나는지 영성훈련을 20년 시켜 주셨습니다.
시온의정서부터, 일루미나티, 기타 등등 모든 것을 다 알고 있습니다.
믿던지 안 믿던지 그것은 각자가 알아서 판단하고 선택하고 준비하는 것입니다. 저는 이 사역을 믿음으로 6년 동안 해오고 있습니다.

영상물을 밤낮으로 550개 이상을 만들어 내면서, 정상적인 인간의 삶을 살지 못하고 있습니다.
하나님께 모든 영광과 찬양을 다 올려 드릴 뿐, 복있는 자들, 들을 귀가 있는 자들은 보고, 듣고 깨닫고 스스로 준비하시면 됩니다.

한 사람의 영혼을 구원하기 위해서, 전도를 10년 동안 해 보았더니, 너무 힘들더군요. 진이 다 빠집니다.
그분은 수호천사의 에스코트를 받고서 천국 올라가는 것 까지 하나님께서 다 보여 주셨습니다.
이제, 저는 세상에 이 이야기들을 내려놓았습니다.
믿던지 안믿던지, 이제는 이 영상물들을 접하는 각자의 몫입니다.

자신의 구원 문제는 가족도, 담임 목사도 아무도 단 1%의 책임도 져 주지 않습니다.
오는 곳은 같은 곳이었지만, 가는 곳은 가족 구성원이라고 해도 다 다릅니다.
가는 곳은 철저하게 위로 가던지, 아래로 가던지 창조주 하나님의 심판아래 나뉠 것입니다.

제가 쓰는 댓글들은 단 한사람을 위해서 작성하는 것이 아니고, 모두를 위해서 글자 하나하나 작성을 하는 것입니다.
예슈아는 하나님이십니다.
스스로 열심히 공부하고, 승리하셔서, 천국에서 꼭 눈도장 찍는 님들이 되시기를 기도드립니다. 샬롬."
2022-09-04T04:09:36Z,밍밍,0,"한국전쟁에 관한 메세지 정리
- 예슈아커밍 -

하나님은 저와 의사소통을 하실 때, 꿈 속에서 비젼을 통해서 수많은 내용들을 전달을 해 주십니다.

어떤 꿈은 아주 긴 영화처럼 어떤 스토리가 있기도 하고,
어떤 꿈은 꿈 속에서 짧은 스넵샷 처럼 보여 주시기도 하고,
꿈 속에서 아주 신묘막측한 방법으로 의사소통을 하십니다.

꿈과 비젼은 다릅니다.

꿈은 그 다음날 무슨 꿈을 꿨는지 기억도 잘 나지 않지만,
비젼은 아주 선명하고, 10년이 지나도, 20년이 지나도, 30년이 지나도, 아주 선명하게 어젯밤 꿈 처럼 선명하게 이야기를 해 드릴 수 있습니다.

꿈 속에서 비젼을 보고 난 다음에 저는 아주 철저한 영적인 분별을 합니다.

제가 분별을 하는 것이 아니고, 저의 안에 계신 성령님께서 분별을 해 주시는데,

비젼이고 밖으로 나가야 하는 비젼이면, 계속해서 생각나게 해 주시고, 마음에 영적인 부담을 주시고,

하나님은 아주 거룩한 영이시기 때문에, 무슨 잡귀신 처럼 옆에서 이거다저거다 이렇게 말씀을 주시는 것이 아니라,
영과 영이 교통을 하고, 영으로 대화를 하십니다.

한국전쟁에 대한 꿈은 아주 몇년에 걸쳐서 많이 보여 주셨습니다.

지금 영적인 세상에는 거룩한 천사들이 한참 미팅을 많이 가지고 있습니다. 제 3 세계대전쟁에 대해서 계속해서 미팅을 가지고 있습니다.

이 땅에서 무엇이 일어나던지 간에, 창조주 야훼 하나님의 명령이 없으면 아무것도 일어나지 않습니다.

영적인 세계에도 아주 거룩한 천사들이 많이 활동을 하고 있고, 아주 정기적으로 미팅을 가지고 있으며, 악한 영들도 그들만의 세계를 운영하고 있습니다.

눈에는 보이지 않지만, 영적인 대전쟁입니다.

한국에도 때가 되면 전쟁이 일어나겠지만, 그 때는 언제인지 정확하게 알지 못합니다.

무엇 보다도 하나님께서 보여 주신 비젼에 의하면, 한국에 있는 사람들은 안전불감증에 다 걸려서,
아무것도 모르고 있다는 것이며, 북한군인이 총을 들고서 벽에서 그냥 나와도, 전혀 알지 못하고, 오리무중인 모습을 보여 주셨고,

다른 비젼에서는 모두 군대에 소집해서 가야 한다고, 회사직원들도 군복을 입고서 훈련에 참여하는 것을 보여 주셨고,
아주 다양한 방법으로 다양한 비젼들을 보여 주셨습니다.

한국에 전쟁이 일어난다면, 제 3차 세계대전과 맞물려서 모든 것들이 방방방 터질 것이고, 휴거사건 또한 맞물려서 일어날 것입니다. 그날과 그 시는 알지 못합니다.

이 전쟁들은 결국, 핵전쟁으로 이어지게 될 것입니다.

휴거가 되지 못하고 이땅에 남는다면, 아주 끔찍한 이 세상을 다 보게 될 것입니다.

휴거는 대환란이 시작되자 마자 일어나는데, 이 세상에 대 격변이 일어나자 마자 눈 깜짝할 사이에 휴거가 있을 것입니다.

크리스찬으로써 어떻게 이 상황들을 대비를 해야 할 것인가?

크리스찬들은 언제든지 순교의 마음을 가지고 계셔야 합니다.

항상 예슈아를 전하는 복음을 전하는 마음을 가지고 계셔야 하고,
영적인 어둠을 대비해서, 지금 부터 예슈아를 믿는 믿음을 아주 단단하게 키우셔야 하며,

공산정권이 들어서면, 첫번째 순교대상이 크리스찬입니다.

순교정신을 아주 단단하게 잡수셔야하고, 수도권이 아주 위험할 테니까, 가능하면, 남쪽으로 미리미리 피난 가시는 것이 좋을 것입니다.

하나님께서 보여 주신 비젼에 의하면, 쌀값이 너무 비싸서, 사람들이 밥을 짓는데, 쌀없이 잡곡만 가지고서 밥을 하는 것을 보여 주셨고,
사람들이 짐을 싸고서, 피난하는 것을 보여 주셨습니다.

그것은 몇일전에 보여주신 비젼이고,

한국에 전쟁이 일어날 것이라고 하는 비젼은 아주 몇년에 걸쳐서 보여 주셨습니다.

이 땅에 다시 전쟁이 일어난다면, 아주 작은 전쟁이 아닐 것이고, 전세계의 전쟁이 될 것입니다. 천사들의 미팅에서 제 3차 세계대전쟁에 대해서 대화를 하고 있었는데, 3차 세계대전쟁이 일어나게 되면, 2년~3년에 걸쳐서 이 땅을 부술 것이라고 그 천사들의 미팅에서 이야기를 하고 있었습니다. 영적인 세상에서도 거룩한 천사들의 미팅에서도, 세계적으로 거룩한 천사들이 모여서, 이 건에 대해서 미팅을 많이 하고 있습니다. 그 때와 시기는 오직 창조주 하나님 야훼 하나님께서 알고 계십니다.

영적으로 항상 깨어 있으세요.

샬롬.

#1  KOREAN WAR IS IMMINENT!!
https://youtu.be/wmd07F0fCzI"
2022-09-04T04:05:55Z,하은,0,현비ㄴ사랑해아악미친!!!!!!!!!!!!!!!!!!!!!!!!!!!!!!!!!!!!!!!!!!!!!!!!!!!!!!!!!!!!!!!
2022-09-04T04:05:36Z,달이미테,0,총정치국장아들 리정혁
2022-09-04T04:05:25Z,엠퓨처,0,"프로 불편러 0:41 
신문X 심문O"
2022-09-04T04:04:41Z,조희성,5,"2년전쯤 겨울에 밤12시넘어서 였나?  한강잠수교 아래서 공조2편 촬영하는거 본적있는데, 이제야 극장에 걸리는군요. 코로나때문에 한참을 기다렸나 봅니다."
2022-09-04T04:03:59Z,홍홍,0,조오오오오온나 재밌겠다 ㅋㅋㅋㅋㅋㅋㅋㅋㅋㅋㅋㅋㅋㅋ
2022-09-04T04:02:21Z,Ace Kim,2,김삼순 이후로 헤니랑 현빈 같이 나오는거 첨보네 ㅋㅋ
2022-09-04T04:00:38Z,뀨꺄 물어,0,ㄹ... 리정혁씨..?!
2022-09-04T04:00:06Z,흔한김민쭌,0,지무비 스퀘일이 남다르구나 영화에서도 반영안할걸 유튜브로 ㄷ ㄷ
2022-09-04T03:57:17Z,주니채널,0,액션을 윈터솔저 카피한거네
2022-09-04T03:55:54Z,c mast5,0,연봉 3만 6천원 유튜버 ...ㅎㅎㅎ
2022-09-04T03:55:31Z,용이 내가 된다,20,ㅋㅋㅋ 윤아는 연기가 점점 늘어 ㅎㅎㅎㅎ
2022-09-04T03:55:29Z,si j,0,일당백 보러가야겠네요.ㅎㅎ
2022-09-04T03:54:09Z,김만두쇼 뽀뽀 계정,0,와우
2022-09-04T03:53:28Z,플루크샷25,0,윈터솔져의 장면이 왜 여기서 나옴? ㅋㅋㅋ. 고만 좀 베껴라. 베끼더라도 좀 정도껏 베끼던가...
2022-09-04T03:53:07Z,W.I Kim,0,구탱이형 보고 싶습니다
2022-09-04T03:53:07Z,록 ROC,0,아니 영상 다봤는데 58000% 어디갔습니까 ㅋㅋㅋㅋㅋ
2022-09-04T03:52:16Z,dnd,0,유해진 연기 잘한다 ㅋㅋ
2022-09-04T03:52:13Z,BigBrainDuck,0,이거가 후속이 나오는구낭 재밌겠다
2022-09-04T03:51:58Z,명명재승,7,윤아가 신의한수다
2022-09-04T03:48:45Z,꾸꾸,0,"연봉3만6천의 뷰티유튜버라하니간
뭔가 있어보이지 왜 ㅋㅋㅋㅋㅋㅋㅋ"
2022-09-04T03:47:26Z,못 생겨서 미안,1,"아. 북한. 미국 경찰인물..  남조선 경찰인물.
아무리 영화라도. 한국 경찰  우습게 만드는 캐스팅"
2022-09-04T03:47:26Z,소확행,7,액션장인 개간지나는 현빈 빨리 보고싶다 예매완료~~~
2022-09-04T03:45:53Z,shk,0,다니엘헤니는 미국사는 미국인. 왜 자꾸 잊을만하면 나오고 잊을만하면 나오고...최소한 한국에 살고 한국에 소비라도 하면 몰라도...캐스팅 누가했냐. 이해안됨
2022-09-04T03:45:52Z,김만우,0,자꾸 북한돈 들고 한국에 오냐고
2022-09-04T03:44:27Z,데이비드테넌트,2,현빈으로 북한미화하는거 좀 불편해서 안보게 되네요
2022-09-04T03:43:36Z,김해준,0,싸움의 신 응원의 신 그리고 소리의 여신
2022-09-04T03:43:22Z,tiny james,2,김정은이 현빈한테 훈장줘야되는거 아닌가 간첩 1000명보다  현빈이 북한한테 더 이득될듯   텅텅여자들한테 북한이미지 미화시키는데 1등공신일듯 돈이 그렇게 좋냐 불쌍하다
2022-09-04T03:43:08Z,임세환,0,"현빈 VS 다니엘 헤니 
답글 달아주세요"
2022-09-04T03:41:18Z,개르미,68,"해진배우님 나오니 분위기가 확바뀌네..
액션에서 코믹액션 느낌. 너무조으다"
2022-09-04T03:40:44Z,몽환트리,0,1:23 에엑따
2022-09-04T03:40:40Z,김철렁,0,더블비 장명준이 생각나네
2022-09-04T03:38:50Z,상냥한악마,5,7:47 언제들어도 웃기넼ㅋㅋㅋ super hero landingㅋㅋㅋㅋ
2022-09-04T03:36:55Z,zoo,1,전형적인 멋진 북한 주인공과 허당끼 있는 조국 대한민국 주인공의 종북콜라보
2022-09-04T03:35:21Z,열피냉피,8,공조2 무조건 봐야함 ㅋㅋㅋ
2022-09-04T03:34:38Z,사가연,1,손예진까지 나오면 불시착인데 ㅋㅋㅋㅋㅋㅋㅋ
2022-09-04T03:32:28Z,상냥한악마,0,02:14 ㅋㅋㅋㅋㅋㅋ
2022-09-04T03:30:32Z,kang lee,0,재밌겠다
2022-09-04T03:29:34Z,밍순이,1,북한전문배우 리정혁이~~ ㅋㅋㅋㅋ
2022-09-04T03:27:17Z,영화한편하새우,0,_윤아 뭐야ㅋㅋㅋ_
2022-09-04T03:27:09Z,Kang GeonUk,0,실제 북한 남한 미국 관계를 반영한듯하네
2022-09-04T03:26:09Z,간스티비,1,"아니 이 양반들은 늙지를 않네 
심지어 해진형님 마저 ㅡㅡ"
2022-09-04T03:24:20Z,이야호,0,현실 탈북자만 봐도 키도 작고 찐따에 피해망상에 자존심만 세고 돈밖에 모르고 범죄율 높고 ㅋㅋㅋㅋㅋㅋㅋㅋ  영화는 한국사람이 더 키도 작고  찐따네.. 판타지영화냐? 아니면 북한사람이 만들었냐? ㅋㅋㅋㅋㅋㅋㅋㅋㅋㅋㅋㅋ 저 북한군 하는 배우 요즘 불러주는 데 없냐?  간첩들 보다 더 북한한테 도움 될듯..  여자들 이런 영화보고 탈북남 만나서 잘 사세요.   과거 외노자 미화하던 거나 뭐가 다르냐?
2022-09-04T03:23:47Z,GRACE&JOY,0,조선소년단…… 방탄소년단 아니잖아. ㅋㅋㅋ
2022-09-04T03:23:15Z,sun on a boy [GD],1,325빠
2022-09-04T03:22:57Z,장명준,2,믿고보는배우진선규^^
2022-09-04T03:18:27Z,나무그늘,0,손예진이 출연 했어야지..
2022-09-04T03:17:04Z,양형석,7,범죄도시 나온지가 5년이고 범죄도시 뛰어넘는 영화(극한직업)도 있었는데.. 진선규 배우는 아직도 위성락이야ㅋㅋㅋ
2022-09-04T03:15:32Z,크라인채널,0,다니엘 혜니가 나올줄은 상상도 못했네 ㄹㅇ
2022-09-04T03:15:29Z,싱거운짜장밥,1,유해진 보는것만으로 갸웃기넼ㅋ
2022-09-04T03:14:53Z,얍얍,31,초반부터 해진이 형 겁나 웃기네 ㅋㅋㅋㅋㅋㅋㅋㅋㅋㅋㅋㅋㅋㅋㅋ
2022-09-04T03:14:46Z,초초부부,1,장명준 한국와서 경찰 위장해서 닭 튀기다가 장첸한테 약점 잡혀서 같이 다녔구나..
2022-09-04T03:14:24Z,어서어서,0,북한사람이 어벤져스를 알아??
2022-09-04T03:14:07Z,생갈치1호의행방불명,5,2:15 ㅋㅋㅋㅋㅋㅋ
2022-09-04T03:12:39Z,윤용현,3,10:24 공조2도 재미를 더하네 ㅋㅋㅋ
2022-09-04T03:11:58Z,이상희,1,아 아직 개봉안했구나. 재밌을것같은데
2022-09-04T03:11:48Z,선비,0,공조+사랑의불시착+범죄전쟁
2022-09-04T03:10:47Z,ㅣㅣ,0,이야 분대지원화기급을 그냥 견착으로 갈기네 ㅋㅋㅋㅋㅋㅋ 뒤진다 진짜
2022-09-04T03:09:37Z,dalii,0,헐… 유해진 딸로 나왔던 꼬마가 저렇게 큰 거???
2022-09-04T03:09:01Z,김동준,0,사랑의 불시착이랑 세계관이 이어지나...??
2022-09-04T03:08:14Z,배지운,2,"촐싹대는 개그캐 한국 형사와 무게감 있고 모델 같은 북한 형사의 환상 콜라보! 공동의 적을 향해 양국의 가슴 뜨거운 공조. 역시 우리는 한민족. 우리의 통일을 위하야. 눈물나는 통일, 북한 미화 코드가 아주 훌륭하네요^^ 깡패 미화 영화 같이 넘 재밌을거 같습니다"
2022-09-04T03:07:44Z,悲,0,응원의 신 ㅁㅊㅋㅋㅋㅋㅋ
2022-09-04T03:07:10Z,ไปแต่ทางของตัวเอง,0,장명준 왜케 익숙하지
2022-09-04T03:06:01Z,성이름,4,7:14 잡았죠?
2022-09-04T03:05:44Z,사자,0,머여 ㅋ 캠핑밖은유럽 보다가 두분다 여기서보니 집중 안되
2022-09-04T03:05:35Z,js how,0,마누라가 바뀐거 같은디
2022-09-04T03:04:23Z,lch1492,2,"영화를 영화로 못보는 ㅂㅅ들이 많네  북한미화, 한국왜곡 이런말 써대는 뇌구경 졸라 마렵다."
2022-09-04T03:02:48Z,ds,0,손예진은
2022-09-04T03:00:18Z,아이유는사랑입니다,6,2:10 존나 웃기네 ㅋㅋㅋㅋㅋ
2022-09-04T02:59:13Z,루카와,38,왠지 모르게 언젠가는 공조+범죄도시 볼수있을거 같은 이 느낌...
2022-09-04T02:58:32Z,Matthew Park,4,"01:45 전 여기서 부터 손절 합니다.
도심 총격신의 정석 히트(1995) 보고 눈정화 해야겠네요.
감독은 무슨 생각인지 엄폐도 없이 그냥 길 한가운데 떡 하니 서서 총질 하는 씬을 찍을 생각을 했을까요.
공조 1은 ㄹㅇ 개꿀잼으로 봤는데..
03:41 커피마시다 뽐었네.. 일당백이라닠ㅋㅋ"
2022-09-04T02:58:07Z,여백의 미,0,장명준은 있는데 박민규는 왜 없음
2022-09-04T02:57:56Z,꼰대가르송,1,"공조2 예매율 1위. 시사회 간 기자들 모두 2 재미사 훨씬 많아졌다고 하네요. 깐깐하기로 소문난 블라인드 평점 10점 만점에 9점! 9점 받기 어려운데 암튼 평점자들 모두 2 재미가 훨씬 많아졌다고 합니다.
저도 예매했습니다!"
2022-09-04T02:56:31Z,김치,0,사랑의불시착
2022-09-04T02:54:38Z,BERRY,0,연봉 3만6천원 ㅋㅋㅋ
2022-09-04T02:54:23Z,쿰척쿰척,0,1:23 빵1빵 터트리고있어요!
2022-09-04T02:54:01Z,kingz_taeseup,1,7:13  F?ker : 잡았죠?
2022-09-04T02:52:37Z,jake steve,0,ㅋㅋㅋㅋ고몽님이랑 알림 동시에 오네요
2022-09-04T02:51:51Z,박오성,0,일당백맞네
2022-09-04T02:51:47Z,지렁이 ミミズ,0,왓챠로 공조1부터 정주행 해야겠군
2022-09-04T02:50:16Z,둘리,0,포르쉐에는 안날아오는 총알
2022-09-04T02:49:47Z,색소폰 성장기_marin K,1,"1:58 최첨단이다. 사람이 내리니 , 알아서 차가 멈춰준다"
2022-09-04T02:49:01Z,Mississippi,0,철령이 보다 더 잘 생긴 잭?...윤아 갈등 생기네..
2022-09-04T02:48:43Z,육대장생육칼면,0,와 근무복 견장 ㅋㅋㅋㅋㅋㅋㅋㄱㅋㅋㄱㅋㅋ 저거 안빼고 빨래통에 박으면 저렇게되는데 저걸 구현하네 ㅋㅋㅋㄱㅋㅋㄱㅋㅋ
2022-09-04T02:48:19Z,ㅇ,2,"북한만 나오면 개거품물고 미화라고 짖는사람이 많네 ㅋㅋㅋ 공조1에서도 대놓고 마지막에 림철령이 '공화국이 잘하는일은 아니지 않소'라고 말하는데 보고싶은것만 보는거임? 

꼴에 보수라고 갖가지에 정치적으로 엮어서 영화 재밌게 본 사람들 까내리고 상대적 우월감 느끼고싶은거? 지금까지 리뷰한 영화가 몇갠데 이것만 광고라고 까내리는거지?

공조1 대박내서 돈벌려고 시리즈로 낸거지 북한미화하려고 냈겠냐? 북한미화하면 돈주냐? ㅋㅋㅋㅋ 영화는 영화로 보자"
2022-09-04T02:47:35Z,몰리,1,미친것이 사랑의불시착도 북한군인미화ㅜㅜ남한군인은 찌질하게ㅜㅜ좌파애들이 연예계 곳곳에서 북한미화ㅜㅜ 짜증남
2022-09-04T02:46:30Z,소리국민의,0,재미 있겠네...
2022-09-04T02:45:54Z,빵뚤,73,"응원의 신은 뭐얔ㅋㅋ 유해진 나오는 건 못참지ㅋㅋ
공조 1 넷플에서 재밌게 봤는데ㅋㅋ 이번엔 또 얼마나 기대를 시켜주시려고"
2022-09-04T02:44:47Z,고보,0,"시사회 갔다 왔는데
코미디 좋아하면 재밌을것이고
액션은 큰 기대 하지마세요
특히 메인 빌런의 존재감은 굉장히 약합니다
장첸 부하가 머리길렀네?
근데 쟤는 왜 분위기 파악 못하고 혼자 화가 나있는거야

딱 이정도의 느낌 
그리고 뭐 스포 할래야 할게 없습니다
다들 예상 하시는 그런 영화가 맞아요"
2022-09-04T02:43:40Z,배고파,2,제목 왜 이렇게 재밌죠?ㅋㅋ
2022-09-04T02:43:25Z,RX Kim,0,200만이라도 찍으면 다행
2022-09-04T02:43:17Z,Seoki,0,키보드로 때렸다고 사이버 범죄라고?ㅋ
2022-09-04T02:43:05Z,Donny & Luther,1,"현빈, 다니엘 헤니 조합 김삼순 생각나네 ㅋㅋ"
2022-09-04T02:40:28Z,ㅇ,24,생각없이 보는 영화 쿨타임 돌았네 이런것도 나쁘지 않다 공조1도 재밌게봐서 ㅋㅋ.. 그나저나 김주혁 보고싶네 갑자기..
2022-09-04T02:40:04Z,hardhary 21,0,조온나 재밌겠다.
2022-09-04T02:39:47Z,마요네즈,0,다니엘해니는 한국말하기 죽기보다 싫은가 ㅋ
2022-09-04T02:39:24Z,ㅇㅇ,7,윤아 철딱서니 연기 잘 한다 ㅋ
2022-09-04T02:39:11Z,H JS_,0,7:13 어? 저분 신세계 연변거지역아님? ㅋㅋㅋㅋ 워작 인상이 강렬해서
2022-09-04T02:38:09Z,멈처,0,공조1도 잼잇엇는뎅ㅋ
2022-09-04T02:37:27Z,재망구,1,진선규 시라소니 닮았
2022-09-04T02:34:34Z,POLESTAR 3,7,이게 북한 미화면 어벤저스는 살인 미화 영화냐 ㅋㅋㅋ 역사영화도 아니고 사실왜곡도 아닌데 뭐만 하면 미화라고 하는거 씹 ㅋㅋㅋ
2022-09-04T02:34:34Z,어썸충,1,영화를 영화로 못보는 인간들이 많네 ㅋㅋ
2022-09-04T02:34:34Z,꺼냈어 안꺼냈어,1,북한 미화
2022-09-04T02:33:59Z,옵비,0,오.. 재밌겠다
2022-09-04T02:32:35Z,김상동,0,졸리재미있겠다!!👍👍👍
2022-09-04T02:31:25Z,옥슈슈ū알갱이,0,ㅋㅋㅋㅋㅋ 뜨기전고정점
2022-09-04T02:30:37Z,죽었다가 다시 태어난 남베트남,0,0:29 왜 명준이 형이 여기에
2022-09-04T02:30:24Z,Wealthy Healthy,0,총싸움부터가 말도 안되네. 뻔할 듯
2022-09-04T02:29:41Z,시바새끼,0,"한국에서 따발총들고 싸우니까 어색하네
삼단봉과 태이저건으로 싸워야하는데"
2022-09-04T02:29:35Z,INU,59,"공조2 잘만들었네
공조1에 나온 주요 인물들 전부 등장하니까
스토리가 이어지는것 같네
원래 2 가 망하는 이유중 하나가
1에서 나오는 등장인물들 거의 다 갈아치워서 망하는거였는데"
2022-09-04T02:29:29Z,퐁퐁과 수세미,1,"북한미화라고 하면 지랄발광하는 구더기들 많네 ㅋㅋ 여기서 현빈은 ""북한국민"" 이 아니라 
북한정권의 개이자 앞잡이인 ""조선인민군"" 출신이다. 한국정부는 주적을 북한정권을 가진 김씨일가와 아래의 무력행위를 책임지는 옹호자들을 주적으로 판단한다. 여기서 현빈이 주연한 임철령은 북한의 조선인민군 소속으로 주적이 맞다."
2022-09-04T02:29:20Z,Cobot,0,꼭 이런 영화보면 특수부대원은 금방 맞고 죽더라
2022-09-04T02:29:16Z,권기룡,0,이모??
2022-09-04T02:28:28Z,이유준,0,와우 딸래미 엄청많이 컸다    윤아는 그만 얹혀살고 평범한 직장가진 못생긴 남자한테라도 시집가서 독립했음 좋겠다
2022-09-04T02:27:46Z,MASTERPEACE,1,사이버범죄 개웃기네 ㅋㅋㅋㅋㅋㅋ
2022-09-04T02:27:12Z,짭빠니보틀 Jjapppani Bottle,0,장명준이면 그 장면준이가?
2022-09-04T02:25:32Z,유동준,1,1:24 영1화를 찍어서 큰1돈을 벌거야
2022-09-04T02:24:35Z,JSM,2,"솔직히 개봉 후 이런게 나와야지
개봉전에 시사못간사람이 보면 열받음
진짜 핵심내용만 너무 스포 다해주는듯
쫌 영상 개봉 후 오픈합시다"
2022-09-04T02:24:13Z,Little보이,0,마형사는 안나오나요?
2022-09-04T02:22:14Z,eunsoo,0,"궁금한게 영화사에서  영상 보내주고  그에 맞는 광고비랑  대본 받나요?
진짜 궁금 해서 그래요"
2022-09-04T02:21:51Z,유튜브프리미엄,63,공조1 윤아 개웃겼는데 2편에서 더 늘어났다해서 기대중ㅋㅋㅋㅋㅋㅋㅋ 귀여운돌아이 느낌
2022-09-04T02:19:55Z,도깨비,11,ㅋㅋㅋㅋㅋㅋㅋ 윤아 귀여워 ㅋㅋㅋㅋㅋㅋ
2022-09-04T02:19:04Z,jae won sim,0,사불도 글코 현빈은 북한가서 살자
2022-09-04T02:18:17Z,wlrmtwlrmt,65,윤아가 전업유튜버를 하는데 어떻게 3만6천원을 버나.... 그게 가장 비현실적이네 ㅋㅋㅋㅋ 트위치나 아프리카티비만 켜도 하루에 3600만원도 가능하겠다
2022-09-04T02:18:11Z,J.K Kim,0,우리헤니씨는 여전히 한국말을 못하는구나
2022-09-04T02:17:07Z,문정선,0,"한국영화는 왜 북한 특수부대원들의 실력을 100배쯤 뻥튀기해서  영화를 만드는지,  
사실 북한특수부대원이란것들의  실력은  대한민국의 평범한 군인들 수준이나  될려나요.
전 세계  특수부대원들 가운데  가장 수준 미달이  북한 특수부대란것들인데  차력쇼는 제법 흉내는내는것 같더군요.

뭔가를 제대로  섭취하고  사격이라도  제대로  사격을 해봐야  뭐라도 해보지요.  차력쇼라는것도  짜고치는 차력쇼이던데."
2022-09-04T02:17:04Z,eunsoo,5,명함 날리는 정종철님 양아치연기 잘하네요
2022-09-04T02:15:03Z,김마이클,1,어쩜좋아 윤아짱 ㅋㅋ 이제 헤니파? ㅋ
2022-09-04T02:14:36Z,Jmin Bae,0,이런거보면 북한미화는 한국에서 다 해주는듯ㅋㅋ무슨 북한에 대한 환상이라도 있나?ㅋㅋㅋㄱ
2022-09-04T02:13:43Z,GOOD GOOD,0,리정혁이 아버지 진급 하셧군?? 도대체 몇년사이에 무슨 일이 벌어진겁니까?
2022-09-04T02:13:34Z,코이츠www,0,수익 났다는 거부터 조회수는 꽤 되네
2022-09-04T02:11:40Z,뱀탕끓어,0,삼순이 시즌2
2022-09-04T02:10:55Z,빠삐콘,0,0:29 더블비가 왜 나오지 음.......
2022-09-04T02:09:32Z,Jo nucci__,2,와 민하 진짜많이컸네...ㅋㅋㅋ
2022-09-04T02:09:05Z,쮸니튜브,0,"모가디슈 재개봉 09/07/2022
리뷰좀ㅠ
공조2와 같은 개봉일ㄷㄷ"
2022-09-04T02:08:53Z,유서연,0,"멀쩡히 서있는대  왜 못맟춰???? 피하지도않는대??
차문 뒤에있는 사람은 그냥 맟춰서 쓰러졌는데....
억까아님???"
2022-09-04T02:08:34Z,moosoyou,0,스위스 화폐는 스위스불(달러)가 아니라 스위스프랑입니다.
2022-09-04T02:08:15Z,CR.H,0,내 이름은 김삼순 ㅋㅋ
2022-09-04T02:07:45Z,태윤,0,더블비에 장명준이 언제 저렇게 됬냐
2022-09-04T02:07:23Z,개꿀딱딱이쥬,0,ㄷ
2022-09-04T02:07:10Z,Para Bellum,0,"아니 진심 공조1를  재밌게 봐서 이런 댓글이 많은거임?
알바겠지 닭대가리가 아닌 이상 거기서 재미를 느낄 수가 없지
부디 거의없다 걸작선 공조편을 보고 당신의 뇌가 얼마나 잘못됐는지 반성해라"
2022-09-04T02:06:02Z,유광식,2,김삼순 조합 ㅎㅎ
2022-09-04T02:05:25Z,금별불,0,B급이네
2022-09-04T02:05:00Z,라마니,4,일당백ㅋㅋㅋㅋㅋㅋㅋㅋ 뻘하게 웃기넼ㅋㅋㅋㅋ
2022-09-04T02:04:58Z,사용자,0,아니 ㅋㅋㅋ 키보드로 패면 특수폭행이잖아 ㅋㅋ
2022-09-04T02:03:48Z,월아,0,2:40 ㅖ?  ptsd오네
2022-09-04T02:03:20Z,JIN,0,진짜 유치함 수듄
2022-09-04T02:03:07Z,SY.L,3,2:21 왜 신빙성있지?ㅋㅋㅋㅋㅋㅋㅋ
2022-09-04T02:02:51Z,soulbnb,3,"김삼순 이후로 보는 투샷이네요, 현빈이랑 다니엘 헤니ㅎㅎ"
2022-09-04T02:02:33Z,노트르담의꼬추,22,공조 1에서 ost도 참 좋았는데 공조2도 기대된당
2022-09-04T02:02:29Z,홍지훈,1,"장명준 더블비 아닌가
여기서는 또 뭘 먹으려고"
2022-09-04T02:01:55Z,김도현,0,이거이 사랑에 불시착이랑 이어지는거가?
2022-09-04T01:58:32Z,조짐의 미학..,5,"또 북한애는 180 미남이고
남한애는 덜떨어진 형사 시리즈는 언제 완판되냐 ㅋㅋㅋㅋㅋㅋㅌㅌ"
2022-09-04T01:58:22Z,비만붕어,16,공조랑 범죄도시랑 세계관이 엮이면 재밌을듯
2022-09-04T01:57:58Z,몽몽이,4,근데 남북이 같이 나오면 왜 맨날 우리쪽 비주얼은 리얼인데 북쪽은 판타지냐
2022-09-04T01:57:47Z,비가오고,16,임윤아 미모로 유튜브에 올인하면 100만 쌉가능
2022-09-04T01:57:35Z,윤한율,0,딱봐도 한국은 개그캐고 북한은 간지나는 특수요원이고 미국은 나쁜놈인 영화 ㅇㅇ
2022-09-04T01:57:24Z,민간인,0,빵1빵 터뜨리고 있1어요
2022-09-04T01:56:21Z,너 뭐하묘?,0,2:32 사랑의 불시착
2022-09-04T01:55:43Z,P̶E̶A̶C̶E̶M̶I̶ N̶U̶S̶O̶N̶E̶,0,"이쯤 되면 현빈은 북한 인민 배우 아님? 
북한인 역할만 오지게 하네 ㅋ"
2022-09-04T01:55:18Z,젊은이Sigma379,0,한국특수부대를 저렇게 표현해도 될 것 같은데 솔직히 영양싱조 걸린 애들이 무슨 ㅋㅋㅋㅋ
2022-09-04T01:54:53Z,하데스,0,얼굴이 역변한건..딸(박민영)뿐이네ㅋㅋ
2022-09-04T01:54:46Z,꺄르륵,0,배우 임윤아 ㅋㅋㅋㅋㅋㅋ
2022-09-04T01:54:38Z,개스트하우스,4,아역했던분은 저렇게 컸는데 왜 다른분들은 아무도 늙지않았죠? 시간은 나만가는가봉가...ㅠㅠ
2022-09-04T01:54:11Z,hazzisss luv,243,"우연한 기회로 2일 금요일에 용산 시사회(?)가서 보고왔어요
1편의 분위기는 해치지않는 선에서 스케일을 더욱 키운 영화라고 생각되네요
액션씬이 많아서 흥미진진하게 봤고 웃음도 확실해서 끊임없이 웃었던거같네요
윤아캐릭터가 B급감성이 너무 과하게 들어갔다 느꼈고, 이뿐만아니라 억지스럽게 과장하는 느낌을 받은 몇몇 부분있었는데 아마 여기서 호불호가 사알짝(?) 갈리지않을까 생각이 들지만 애시당초 남북 공조라는 제목부터 이러한 과장스런 요소를 영화적 허용으로 이해하게끔 만들었다 생각해서 개인적으로는 크게 불편하지는 않았습니다
꽤나 잘 만든 후속편이라 생각해서 추석 시즌에 볼수있는 가족뮤비로 추천합니다"
2022-09-04T01:54:05Z,코몬스터,0,역시 명준 입냄새 사재기 하더니 영화도 나왔구나
2022-09-04T01:53:36Z,모범시민,2,영화나 드라마 리뷰는 역시 이형이 찰져
2022-09-04T01:52:37Z,김지훈,0,댓글 알바 많이 풀었네 ㅋ
2022-09-04T01:52:10Z,담담,2,"한결같은 jk
댓글 알바도 열심히 돌리고 있네"
2022-09-04T01:51:46Z,갱사,3,사랑의불시착이야 뭐야ㅋㅋ저북한아저씨 보고 뇌정지왔네
2022-09-04T01:50:56Z,최환석,1,"3명이서 힘을 합치는게 낫지
서로의 조커카드를 숨겨도"
2022-09-04T01:50:25Z,아무개,2,마지막에 조선소년단 출신이랰ㅋㅋㅋㅋㅋㅋㅋㅋㅋㅋㅋㅋㅋㅋㅋㅋㅋㅋㅋㅋㅋ 그 소년'단'이 아니잖어ㅋㅋㅋㅋㅋㅋㅋㅋㅋㅋㅋㅋ
2022-09-04T01:50:17Z,몽블랑,0,장명준 ㅋㅋㅋ
2022-09-04T01:49:50Z,청강,2,북괴에 형사가 어디있노? ㅋㅋ 프로파겐다  레닌의 진지전 문화진지전 친중종북이를 하지  이영화가 될려며 삶은소대가리 정권이면됨 그러나 북한은 형사가 없고 바로 곡사포로 조지지 영화드라마를 보고 역사를 믿는 갠쇄지를 졸라 이용하지 픽션과 논픽션 구별을 못하는 개돼지용인가?
2022-09-04T01:49:11Z,함함영윤,0,마약는불법입니다
2022-09-04T01:48:58Z,쌈월남,0,0:29 더블비 명준이형...왜 살뺐어요..
2022-09-04T01:48:36Z,콧물이나와,70,그냥 이런류의 영화가 한국에서 잘 만들고 또 대중적으로 잘 먹히는 영화인듯.. 그냥 생각없이 볼수 있음
2022-09-04T01:48:19Z,뉴비 채널 Noob Channel,0,"47분전 영상올라 왔고, 4.7만회ㅋㅋㅋ"
2022-09-04T01:48:18Z,Yoon Jae Jang,283,시사회로 미리 보고 왔습니다 ㅋㅋㅋ 이번 공조2 전편보다 더 유쾌해졌어요 ㅋㅋㅋㅋ
2022-09-04T01:48:06Z,00 000,0,말도안돼는 극혐
2022-09-04T01:47:53Z,이 하,0,으원의 신 치어리더
2022-09-04T01:47:50Z,한국 🇰🇷 공신영주,1,쉬발 40댄데 줜나 잘생겼네
2022-09-04T01:47:50Z,콩콩,11,"우리나라는 북한, 마약, 깡패, 국뽕 없으면 영화를 못만드나..."
2022-09-04T01:47:43Z,Terry De Black,0,세트장 쥑이네요ㅋㅋㅋ행인 없는 미국땅인가요?
2022-09-04T01:47:17Z,ertios,112,"공조 1도 재밌게 봤는데..이번엔 또 얼마나 재밌을까??
추석연휴 끝나고 보러가야겠네ㅠㅠ


+아니 내가 재밌었고 보러 가겠다는데,
왜 니들이 난리야..."
2022-09-04T01:46:14Z,키다리파파,1,다 좋은데 북한에 저렇게 생긴애가 있을까 싶다.
2022-09-04T01:45:37Z,사회조사분석사,0,윤석열은 여가부폐지하지말고 여성징병제 도입해라ㅡㅡ 여자들은 도대체 왜 군대를 안가냐ㅡㅡ 노무현이병박박근혜문재인 공통점 여가부폐지안함 여성징병제안함 성매매합법안함 핵개발안함ㅋㅋ
2022-09-04T01:45:30Z,RealSlow,0,파워찬
2022-09-04T01:45:17Z,svb yr,8,진선규 연기도 기대됩니다
2022-09-04T01:44:46Z,함함영윤,0,키보드워리어
2022-09-04T01:44:37Z,함함영윤,0,마약상장명준등장
2022-09-04T01:44:17Z,함함영윤,0,북한특수부대출신림철령
2022-09-04T01:42:47Z,참참참,0,미국 fbi가 잡은 범죄자를 북한따위가 강제로 데려간다? ㅋㅋㅋㅋㄱㅋ
2022-09-04T01:42:41Z,1205 Larryboy,0,"결혼하구나네 때깔이 더 좋아졌다야, 좋네?"
2022-09-04T01:41:50Z,줄 밧,0,0:29 더블비
2022-09-04T01:41:29Z,앙리,1,유해진 영화라 뭔가  그냥잼있을꺼같음 ㅎㅎ
2022-09-04T01:41:26Z,늘하,0,진선규는 빡빡이가 어울리는데.
2022-09-04T01:41:21Z,김실장,1,마석도하고 철령하고 쪼인시켜 주세요~~
2022-09-04T01:40:54Z,20 Rank,2,이상한사람들이 디게많네...;  북한의 소수 정부인사들이 나쁜사람들인거지 북한 개개인들이 다 나쁜건아니잖아; 태어나보니 북한이고 태어나보니 착취당하고 세뇌받는사람들이 수두룩빽빽인데;
2022-09-04T01:40:11Z,jung oh,0,7:06 ???:너 지금부터범인해라
2022-09-04T01:39:02Z,spy345,0,왠지 철령이 어벤저스가 뭐이네? 할거 같은데 ㅋㅋㅋ
2022-09-04T01:38:25Z,우주특공대바이오맨,7,윤아 푼수 역할 넘 귀엽네요ㅋㅋ
2022-09-04T01:38:12Z,양심적으로 살자,0,실제 있었던 실화!
2022-09-04T01:37:31Z,qdf2952,1,더블비 장명준이랑 리정혁이 여기서 만나다니
2022-09-04T01:36:23Z,[秀斌] Bin Starlight,0,🤣🤣🤣
2022-09-04T01:36:07Z,온달,0,리정혁 동무 군인 그만두더니 형사됫구나야
2022-09-04T01:35:19Z,침팬치,0,ㅋㅋㅋㅋㅋ포르쉐에 총을 못쏘네
2022-09-04T01:35:08Z,찢자이명,5,요즘따라 북한미화 미국일본 악당화하는 영상메체가 많아지는건 기분탓인가? 우연일까?
2022-09-04T01:34:57Z,svb yr,2488,유해진의 깨알 재미 연기 돈으로 패면 금융범죄고 계산기로 패면 디지털 범죄냐 ㅋㅋㅋ 공조2 기대됩니다
2022-09-04T01:34:47Z,h kim,422,총정치국장과 아들 리정혁 또 보니 반갑네요
2022-09-04T01:34:46Z,86 에이티식스,0,"주인공이 북한분과 결혼 한 경우 - 공조
한국분과 결혼 한 경우 - 사랑의 불시착
같이 국가 에서 태어나서 결혼 한 경우 - ....
공조 3 - 한 북 미 중
공조 4 - 한 북 미 중 일 ???"
2022-09-04T01:34:27Z,충기 장,0,영상  다좋은데   추임새  음향(흥미도 잃음)  뺴는게  더 집중할거 같네여   잘봤습니다.
2022-09-04T01:34:07Z,팀운 망겜,1,공조 진짜 오랜만이네
2022-09-04T01:34:01Z,bird real,2,"광고 유튜버지, 예고편만 봐도 쓰레기 영화인거 뻔한데 자존심도 없냐? 명색이 영화 유튜버가"
2022-09-04T01:33:40Z,정승우,3,한국말도 제대로 못하고 한국에서 돈만버는 배우를 왜 쓰는겨?
2022-09-04T01:33:11Z,Chocobo,0,그러고 보니 1에서 몇년이 흘렀길래 딸내미 저리 큰거??
2022-09-04T01:32:13Z,JkB,0,현빈 해병대 맞선임 입니다.
2022-09-04T01:32:10Z,WJ Joo,1,북한 미화하려고 만들 영화
2022-09-04T01:30:57Z,J Yang,2,"그냥 영화는 영화로만 … 진짜 이러면 얼마나 좋아? 하는 질문에서 시작하는게 영화이고 소설이고 만화고 그런거니까요. 아무리 자연 다큐라도 그 목적이 있을 수 밖에 없듯이 영화는 단순 영화, 드라마는 그냥 드라마로 소설은 단지 소설, 만화는 만화 오케이? 
북한의 실태가 현실과 너무 다르다는 사실만 우리가 인지한다면 단순히 재미로 접 할 수 있는 훌륭한 영화입니다."
2022-09-04T01:28:18Z,NPYG,38,아무생각없이 웃고 올 수 있는 만듦새 좋은 영화입니다. 강추
2022-09-04T01:27:01Z,퐁당퐁당,0,사랑의 불시착하고 연동된다...
2022-09-04T01:26:59Z,화가이동협,0,삼순이가 빠졌네
2022-09-04T01:26:46Z,트래비스,34,문득..고 김주혁형님 그립네... ㅜㆍㅜ 공조1에서 연기 잘해주셨는데
2022-09-04T01:26:06Z,군사왕,0,다니엘 헤니는 왜 나온거야...........어휴
2022-09-04T01:25:44Z,하얀그림자,0,꼭 보러간다!!
2022-09-04T01:23:55Z,shoot,3,"하여튼 북한군인 못빨아서 안달난 놈들 많음
북한이 그리 멋있게 뵈이고 키가 평균 185넘고 
외모는 현빈수준이라고 망상하고 ㅈㄴ게 미화하네?
현실은 키 160좀 넘고 로션도 못발라서 피부썩창에 치과못가서 이빨 다 틀어져있지 
간첩 잡으면 제일먼저 치아검사부터 한다.
이놈이 북한놈인지 도착간첩인지 볼려고"
2022-09-04T01:23:42Z,장농장농,0,"영화를 영화로 보면 될텐데(?)  색안경끼고 보는 사람들은(?)  한산보고
일본인들은 모두 죽여야 할 대상으로 생각할듯(?)^^"
2022-09-04T01:23:24Z,치유벨 [Healer Bell],32,공조1 현빈액션이 명품이었는데 공조2 기대됩니다
2022-09-04T01:23:17Z,Dokgodie,6,이거 또 좌파 어젠다 들어간 영화인가.. 느낌 쌔한데..
2022-09-04T01:21:27Z,알파,0,예고편보고 되게 놀랐음 와 이게 2가 뜨네 하고
2022-09-04T01:21:09Z,cheol,0,와 싸발 이건꼭봐야행~!!
2022-09-04T01:18:52Z,Uuu Utddd,1,공조 보고 블랙폰 봐야지ㅎㅎ
2022-09-04T01:14:25Z,박준현,0,
2022-09-04T01:13:33Z,전민규,0,형 왜 이제왔어요ㅠ 몇주동안 기다렸습니다ㅠ
2022-09-04T01:13:12Z,공공성호,2,아이폰 그아이가 저렇게...컸..?
2022-09-04T01:12:00Z,루리만,14,시사회 보고옴  1편보다 액션 신 많이 나옴 유해진 중간에 호빗됨 영화 마지막에 현빈 말에 보는 여자분들 환호함
2022-09-04T01:10:31Z,이두 전문,4,사랑의 불시착이 생각나는구만
2022-09-04T01:10:15Z,다연 강,1,9분 전 인데 4.3천회 ㄷㄷ
2022-09-04T01:09:59Z,JUNGJIN HWANG,0,시라소니인줄 ㅋㅋ
2022-09-04T01:09:22Z,alone.72,2,현빈은 이제 북한이라고 하면 나오네요
2022-09-04T01:08:22Z,ĹĐ,1,재밌겠다
2022-09-04T01:08:05Z,권혁민,2,더블비 장명준 생각 한사람 ✋
2022-09-04T01:06:50Z,애플이Apple2,0,재밌겠ㄷ
2022-09-04T01:06:45Z,티미,0,띠용~ 자동소총을 권총으로 제압한다??!!
2022-09-04T01:05:42Z,인환 김,10,윤아씨 뒤통수 진짜 찐으로 때린거임 👀🤣🤣🤣🤣🤣
2022-09-04T01:04:30Z,Not Things,1,꼭 보러 간다는.
2022-09-04T01:04:21Z,정유현,18,역시 현빈 개멋있어👍
2022-09-04T01:04:17Z,뒙,27,믿고 보는 공조 다시 믿고 보겠습니다
2022-09-04T01:03:42Z,이상민,11,공조1처럼 친북 북한미화 영화 아님? 여러채널에 동시에 광고영상올라오는게 더 소름이네
2022-09-04T01:03:14Z,혁이네,1,지무비는 못참지
2022-09-04T01:02:57Z,전설의락커 박진선,7,북한 사람을 현빈으로 하다니 ㅠ.ㅠ
2022-09-04T01:01:37Z,어둠의독립운동가,477,북한 미화만 안하면 명작일듯
2022-09-04T01:01:36Z,사람,1,일요일 아침부터 지무비
2022-09-04T01:01:32Z,장원영,1,오
2022-09-04T01:01:14Z,장재혁,2,이건 못참아
2022-09-04T01:01:06Z,ME어켓,1,2삐
2022-09-04T01:01:06Z,김밥통,246,공조1편 진짜 재밌게봐서 기대중
2022-09-04T01:01:05Z,김성삼,1,오
2022-09-04T01:01:05Z,허승윤,1,굿
2022-09-04T01:00:58Z,콘,1,1
2022-09-04T01:00:58Z,혀누,1,ㄷ
2022-09-04T01:00:36Z,dlckdtjq,4,대박대박
