score,likes,comment
1,3189,늑대사냥 볼바에 그 돈으로 더위사냥 여러개 사드세요
2,968,정소민 왜 나온지 아는 사람
3,905,"초반 30분 재밌음 서인국 연기 개 쫄깃하고 ㅈㄴ 기대했는데 ㅅㅂ ㅠ 갑자기 전형적인 한국영화됨스토리 ㅈ망 수위는 한국 최고는 맞음 근데 피 효과음 스프링쿨러 소리에다가 푸슉 푸슉 거리고 피 나오는 효과음만 강조한 것 같음 사운드가 조화롭지 않음 계속 들으니깐 걍 물림 워킹데드랑 수위는 비슷하지만 피 터지는 게 너무 긴장감이 없어서 몇분 보다보면 질림 초반 3-40분이 제일 재밌었음 아니 좋은 배우 데려다가 하,,, 알아서 보셈(서인국 땜에 1점 줄려다가 별점 3점 줌)"
2,832,"그냥사람이터짐 무슨생각으로 이런영화를만든건지,, 정신감정이 필요해보임"
3,637,근본없는 내용으로 두시간은 너무 했다 시간사냥
1,550,중간까진 정말 재밌게 보다 갑자기 스토리가 난해해졌습니다.. 이런 내용일거라곤 정말 상상도 못 해서 할말을 잃고 봤네요 쓸데없이 음향효과도 극대화해 몰입도가 더욱 깨졌습니다 발소리랑 칼소리가 너무 크고 부자연스러워 어이가 없었어요 심지어 잔인한 것도 그럴듯하게 적당히 해야지 계속 보니 가짜같아서 놀랍지도 않았네요 결국 화만 잔뜩난채로 극장에서 나오게 됐습니다
1,497,고어물 매니아가 아니라면 정신건강을 위해 안보는게 좋은 영화
4,469,최악의 낚시 영화. 허무한 sf물
6,393,한국도 이렇게 잔인하게 만들수있구나 하면서 놀랐는데 그 말고는 없음.... 두번은 안 볼듯 근대 서인국은 미쳤드라
10,555,서인국 연기변신 놀랍다....
5,274,마녀로 빠지지말고 죄수 vs 경찰 고어스릴러로 쭉 나갔어야했다. 반전 이후 긴장감은 사라지고 모든 캐릭터가 피분수 내는 인형이 되어버렸다
1,244,초반 20분 서인국이 캐리해서 오 재미있나? 했다가 갑자기 D급 최악의 몬스터 학살 영화로 바뀜.시간이 아깝고 돈이 아까움 중간에 나갈까 몇번이나 생각함
5,218,일단 장르가지고 사기쳤음 잔인해도 경찰과 범죄자들의 숨막히는 액션를 보고싶었는데 뜬금 터미네이터 나옴 또 이해가 안되는게 지들 동료 총맞고 칼맞아 죽었고 범죄자들 소총들고있는데도 꼼짝마 총버려 소리가 왜나옴ㅋㅋㅋ연기는 좋아서 초반에 몰입감 확 올라오다 꼼짝마 총버려에서 깨짐서인국 연기변신 잘한건 인정함
1,221,"이 영화를 이런사람들에게 추천해요1.롯데리아가서 감자튀김 하나 먹으면서 케첩 한주먹씩 가져오시는 분 - 영화 러닝타임동안 꾸준히 케찹이 터집니다 2.본인의 인생 최대로 길게 읽은 책이 껌사면 나오는 4컷 만화일 경우 - 개연성은 저희집 보일러 실에 사는 곱등이 더듬이 보다 없음3.평소 유산소 운동,런닝머신을 하실 경우 -유산소는 자신과의 싸움입니다 달리는 와중에 끈기로 버텨야 합니다 이 영화가 그런 느낌이었습니다 러닝타임동안 유사 유산소 운동을 하고싶으실 경우 추천합니다4.자신은 남들보다 하루가 더 길다 시간이 남아 돌아서 시간을 낭비하고 싶으신 경우 - 본인의 수명이 남들보다 5배 정도 많아서 시간을 버리고 싶다면… 추천5.본인의 영화관 에티켓을 얼마나 잘 지키는지 궁금하신 경우 - 저는 제가 영화관 에티켓을 정말 잘 지킨다고 생각했습니다 하지만 이 영화를 보고 아니라는것을 알게 되었습니다건강한 문화 생활 하시기 바랍니다이 내용에 반박시 제가 무조건 틀렸습니다."
1,192,영화를 보기 전에 여러분이 생각하셨던 그 내용과 스토리가 아닙니다 영화를 보는 내내 얼굴을 찌푸렸고 너무 잔인해서 토할 것 같았습니다
1,172,노답최악감독이 투자자랑 싸워서 복수심에 망쳤나봅니다
1,160,서인국 보고 와 미쳤다 했는데 아래 평점대로 30분만 재밌음 마녀2보고 후회했는데 같은 실수를 반복했네 시간아깝고 돈아까운 느낌
8,165,서인국 대단함 앞부분은 정말 재미있음. 30분 이후 부터는 좀비영화임 .. 너무 잔인함
4,148,보는 나도 피가 솟구친다.
1,161,피 피 피 피뭐 더 없어요
1,157,1점 이상준 사람들 정신에 문제있음
3,130,
1,162,"배우들이 아깝다는 생각이 제일 먼저 들었고 , CGV에서 15000장 공짜로 푸는건 다 이유가 있다 봄 황당한 스토리 진행으로 관객들 실망시킴"
2,162,이걸 영화라고 만들고 자빠졌네 ㅋㅋ 영화 다안보고 나오긴 처음이다 ㅋ
1,140,돈 버리고 싶으면 보시길 최악임; 보러가자고 한 친구한테 쌍욕함
1,121,"피가 난무함. 신선하다. 오 흥미진진 이러고 보다가 갑자기... 무슨 영화를 이렇게...? 뭘 말하고싶으신거죠...? 배우들을 이렇게 쓰신다구요??? 장르파괴 와 예고만보면 범죄스릴러인데 갑자기...참나... 중간부터 물음표가 가득했습니다 영화표도 15,000원인데 돌려주세요 진짜 진지해요"
1,115,연출자께서는 메이즈러너 사례를 복기해보심이 좋을듯하며 소개 및 단순홍보를 넘어 각종 낚시성 홍보에 동참한 영화채널 유튜버님들도 정말 컨텐츠에 한점 부끄러움이 없으셨는지 생각해보는 시간이 되시길 바랍니다. 36년 인생에 처음 댓글리뷰 남겨봅니다.
10,177,서인국 돌은 눈빛 지렸고 영화보면서 숨참으면서 봤음 하드코어 그 잡채..잔인한거 좋아하시는 분은 강추
1,96,ㅋㅋㅋ 진짜 내 자신에게 미안하다..
10,124,서인국 연기변신.. 말잇못..
2,93,"별로 안 궁금하고 알고싶지도 않은데 자꾸 이상한 내용을 츄라이 츄라이 하는 기분이다. 확실한 건 딱 중간을 넘어가면서 영화가 길을 잃은 것 같다. 결국 보여준 건 아무 것도 없고, 살살 간보던 떡밥들은 아무 설명 없이 후속작으로 은근슬쩍 떠넘기고, 남은 건 의미 없이 가학적으로 죽어나간 캐릭터들 뿐이었다. 이게 뭐냐..."
4,110,피는 진짜 많이 튄다...그런데 그게...다인듯... 다른건 다 별로... 악마를 보았다 보다 더 피와 살이 튄다..영화 내내...하지만 그게 악마를 보았다 만큼 고통스럽게 느껴지진 않더라구... 사실 너무 현실감이 없어서...쩝...오히려..무슨 게임이나 애니메이션 같더라...
1,93,김홍선 영화 만들지마성동일 약점 잡힘
2,96,고어 팬들에게는 약하고... 일반인들에겐 과한... 아무것도 잡지 못 한영화... 같은 장면만 반복되어 지루해진다..
10,120,서인국 되게 오랜만에 강렬하네
6,82,서인국표 범죄 느와르 영화를 기대하고 갔으나 성동일표 마녀1.5를 보고 나옴. 2편 만들겠다고 떡밥은 뿌려놨는데 과연...ㅋㅋㅋ
8,100,모든 배우의 연기는 높이삽니다.. 그러나 너무 잔인해서.. 2번 보긴 힘들듯 해요..서인국의 연기 변신은 아주 칭찬합니다..^^
2,101,서인국 만 생각나는 영화
5,73,괴수가 안나왔다면 더 재밌었을텐데
1,100,개연성 없고 중간에 스토리가 급 변경되며 밑도 끝도 없이 무조건 너무 잔인한 살인과 폭력만이 가득한 영화. 하드코어 고어물인가요?
10,106,서인국 연기변신은 대성공인듯완전 새롭고 연기도 진짜 잘하네요.출연하는 배우들이 연기력이 좋아서 몰입감이 ㅎㄷㄷ 간만에 시원하고 화끈한 영화 본듯 취향저격 영화였음 ㅎㅎ
10,163,출연 배우들을 다시 보게되는 영화. 서인국에게 이런 강렬한 모습이?!
1,84,"와. 1점도 아까움.왜만든거에요? 영화? 결말도 이상하고? 이게 무슨??내용도 없고, 좋은 배우들 갖다 써놓고 대체 뭐한건지 1도 모르겠어요...이제 영화계에서 내려오실때가 됬나봅니다 감독님..."
8,95,잔인하고 액션 좋다 객관적으로...서인국 눈빛이 살벌하다 OOOO 피가 어마어마하다 난 잼있게 봤음~ 강시같음
10,121,서인국 액션 찢었다.. 와 진짜 숨 참고 봤다 ㅠㅠㅠㅠ
9,95,"와 진짜 토나오게 잔인함... 처음엔 피가 너무 많이 나와서 적응 안됐는데 너무 많이 나오니까나중엔 그냥 적응되서 괜찮...ㅋㅋㅋ초반엔 서인국이 OOOO같았고, 중반부턴 감독이 또라이같았고 후반엔 재밌다고 느껴지는 내가 또라이같음"
10,107,청불 중의 청불! 이제 서인국 볼때마다 무서울듯 연기변신 제대로!!
3,65,눈이썩음 눈. 이. 썩. 음
10,114,서인국 연기 변신 확실히 성공했네요눈빛연기 최고네요 !!! 악역도 어쩜 이리 잘하시는지 놀랐어요. 영화는 몰입감 최고네요 시간순삭 입니다 2편도 너무 기다려져요
10,110,서인국 연기 잘하는지는 알았지만 진짜 대박이다 ㄷㄷ 너무 강렬하고 존잼 시간순삭됐음
4,64,
1,80,돈을 주고 보는게 아닌 받고 봐야되것네
1,111,거짓말 아니고 영화보다 1시간 남겨놓고 나온거 처음이고 평점 1점 준 영화도 처음입니다. 시간 아까운 적 처음이라니 와우 ....
10,76,배우들이 열연한 영화
5,65,"잔인함이 문제가 아니라, 중반 이후 산으로 가는 이야기가 문제"
1,70,낚시 당했네요 ㅠㅠ그것이 걸어다닐때 로봇처럼 쾅쾅 소리나는데... 이해안됨..소음기달린 권총의소리도 구분못하는 음향팀이라니...ㅋㅋ 모든 효과음이 따로 노는듯한 느낌...효과음때문에 더 망한영화..
1,70,아 내 인생역대급영화.영화관에서 돈아깝기 쉽지 않은데.정말 돈은 잘 써야하는구나 이런데다가 버리는게 아니라는걸 상기시켜주는 교훈이 있는 영화
1,68,보다가 나온영화 처음...
1,79,"진짜 보다가 스트레스 받음... 잔인하고 고어적인 요소가 아니고 그냥 스토리가 없어서 제발,,, 보지 말았으면.."
10,96,잔인성 쫄보인데 훅훅지나가서 괜찮았고 프리퀄과 시퀄이 기대되는 작품 서인국 정문성 나쁜놈인데 섹시해
1,58,초반 30분만 볼만해요. 그 뒤로 나와서 나 혼자 영화 스토라를 상상하는게 더 재밌을 것 같아요. 여태 본 영화 중에 최악
1,58,돈 많이 쳐바른 3류 영화느낌..배우들은 연기를 잘하나연출이.. ㅜㅜㅜ알파는 평발 층간소음 유발자인가..영화내내 똑같은 발소리 디테일이 몹시 아쉽네요..기억에 남는건 서인국과 쾅쾅이뿐
8,71,범죄스릴러인줄 알았는데. 크리처가 나오는 공포 액션. 스포없이 보면 굿. 단 영상은 잔인 그자체.
10,95,진짜 간만에 화끈한 청불 액션 영화!서인국 연기가 아주 미쳤습니다 강추!
2,73,뭔가 보여주려는 잔임함이 아니다.그냥 무식하게 잔인하다.이런걸 돈주고 보러간 내가 한심하지만.보다 나온건 칭찬하고싶다.저런걸 영화라고 찍는 감독은 뭘까?
3,57,???: 어때? 우리 영화 엄청 잔인하지?
1,65,진짜 잔인한 영화.. 도대체 왜 만들었는지 의문인 영화
2,53,뒤로갈수록 헛웃음이 나오더라
8,53,살벌하다…식사전 관람금지…
8,57,영화자체가 예상이 되는게 하나도 없음. 그게 장점이고 단점임. 아무것도 예상못함
2,64,영화보다가 지루하면 자는편인데이건 보다가 정말 아니다 싶어서 중간에 보다가 나왔음
1,51,"피만 분수처럼 뿜어대는거 말고는 액션도 별볼일 없고 스토리도 폭망, 후반부로 갈수록 서로 대치되는 긴장감 없이 깜짝깜짝 놀래키기만하고 재미고 뭐고 없는영화. 감독은 마녀같은걸 원한거같은데 자꾸 7광구가 떠오르는건 뭐때문일까...."
2,58,모든할인적용 결제는 네이버페이 포인트아니었음 환불각 여친한테 이딴영화 예매했냐고 불꽃싸다구 맞을뻔함
6,56,무엇을 상상하든 그건 못볼것이다.
4,58,영화 끝나는 내내 사람이 터진다속이 다 미슥거리네.. 강약 조절도 없고 이건 뭐....그리고 총은 쏴야할땐 안쏘고안쏴야할때 난사하는거냐??
1,69,"스페셜 막장 최고 영상(영화아님)!!이걸 영화라고 만들다니..개연성, 합리적 전개를 도무지 찾을래야 찾을수 없는.. 끝까지 영화관에 앉아있었던게 두고두고 후회되는 내가 본 인생 최악졸작!언놈이 이런 쓰레기영화에 투자를 하는지..목적도.. 의미도.. 감동도.. 1도없는데..아직까지 일본에 당한 코스프레에 의지하는.. 그래서 일본과 외교적 관계회복되기는 커녕.. 분쟁일으킬 미친 의도!평점에 0을 줄 방법이 없어서.. 아쉽다!이런 되도않은 영화에 평을 쓰고 있는 내가 미쳤다!!절대 보지 마세요! 혹시 호기심에 보는 분들 없기를 진심으로 권고합니다!"
5,45,서인국의 연기 변신은 놀라웠지만..
1,48,극초반에 힘 다쓰고 갑자기 터미네이터 B급 패러디물됨..
1,55,감독이 점점 정신이 이상해지는...관객을 생각하고 만든 것인지 제작자를 생개하고 만든 것인지...제작자의 생각이 듣고 싶을 정도.이 영화를 선택하고 연기한 배우들의 생각도 듣고 싶네!왜 서인국이 맨 앞에 뜨는데?이유가 뭔지?낚시?
1,59,하... 진짜 내 생애 처음 토쏠리는 영화 참고로 나는 고어물 좋아한다 근데 이건 아니지...
1,60,진짜 기대하고 오늘 바로 극장 갔는데 말도 안되는 스토리랑 전개.. 걍 보다가 포기 했음 초반 10분 재밌다가 30분 부터 끝 까지 욕나옴
2,64,걍아바타한번더보세요
1,62,"도대체 무슨 생각으로 만들었으며.. 무슨 생각으로 투자한건지 모르겠는 영화.. 참으면서 보다가 1시간만에 나옴.. 감독이 투자자랑 싸웠나? 라는 생각밖에 안 들고.. 내 14,000원 아까워죽겠음"
9,70,청불인 이유가 있네요. 놀랄 정도로 잔인해요. 재미는 있었습니다.
10,73,"강렬함,쎄다,화끈하다 이런 단어가 어울리는 영화!특히 서인국의 연기는 그동안 보지못했던 연기변신이 신선했음"
10,92,보는 내내 압도당함...오랜만에 긴박감 넘치는 영화 봤다..
1,49,진짜 핵 노잼 나가고 싶은거 참있음 ㄹㅇ;
1,50,어우 진짜 노답영화네~ ㅋㅋ
1,52,
10,112,한국영화에서 보기 힘든 장르 ㄷㄷ 보는 내내 이영화 미쳤다는 생각밖에 안들었다
5,43,아...다신 보고 싶지 않다..으..
1,43,제에에에에발 보지마세요
4,43,너무 잔인하기만 하고 사람들이 다 죽어나가니까 매력있어 보이는 캐릭터들은 일찍 죽고 기억에 남는 관계성도 없고 거의 비슷한 패턴으로 죽으니까 그냥 참신한 맛도 없고 걍 그랬어요
1,39,
2,46,예고편이 더 재밌는 영화는 또 처음이네
1,49,그냥...피만 보다 왔네...;뭘 얘기하고자 하는지도 모르겠고
1,52,"난생 처음 보는 영화. 개연성도 없고, 영화의 90%는 무의미한 살인만 나오고, 피만 보여주다가 끝나는 영화인데 피를 본 적이 없는 사람이 만든건가 싶을 정도로 현실감 없는 피 연출에 어이없어서 웃음만 나왔음. 배우들 연기력이랑 커리어가 너무 아까운 영화. 액션, 스릴러, 고어 이도저도 아닌 장르도, 스토리도 없는 막장판타지."
1,49,진짜 이런 영화인줄 상상도 못햇다....내참 네임드 배우 더 많이 나오는 잔인한마녀 개10 아류작내 치킨값 돌리도~~~대한민국 영화판 문제깡패영화 흥행하면 죄다 깡패영화개봉 평점알바 새기들 문제
2,50,보다 나오길 참 잘한듯합니다
1,51,2022년버전 7광구.. 잔인하기만하고 최악임 절대보지마오 돈아까워
6,52,처음 리뷰같은거만 보고가서범죄자 vs 경찰들에 배 쟁탈전 이정도일줄 알았는데... 영화 마녀같은 너낌이었습니다....서인국 주인공인줄 알았는데....개잔인ㅜㅜㅜㅠ
10,55,와..배우들 연기미쳤다 눈빛만으로 압도해버림ㅠ
10,57,찢었다...연기 걍 미쳤음ㅋㅋ몰입도 장난 아님
10,99,시사회로 먼저보았습니다. 그냥 상상초월이예요. 한국도 이런 영화 찍을수있구나 감독님 연출력에 감탄했고 배우분들 연기력은 그냥 존경입니다! 청줄이여서 긴장감이있지만 다들 양껏보시고 같이 재미공유해요
5,30,생각보다 많이 잔인합니다...
1,43,역대급 잔인함;; 별로에요
2,43,영화끝나고 기억에 남는건 피튀기는것뿐.. 스토리가 갑자기 산으로가서 그때부터 멍해짐~ 넘 기대했나봐요..
1,46,감상평도 남기기 싫지만 네포 때문에 남긴다... 욕 나왔다
2,48,"중간부터 내용이 산으로 가길래 별로다 라고 생각했는데나끝나고 나오면서 옆에 사람들이 ""아 내가 이걸왜 돈주고봐지"" 하네요"
10,50,배우님들 연기 최고이며 잔인함 끝판왕 ~
10,60,진짜 충격의 연속이었던 역대급 청불영화...ㄷㄷㄷ 방심하고 봤다가 충격 많이 먹었다...ㅋㅋㅋ 요즘 개봉하는 영화 중에 색깔이 가장 독보적인 영화!
10,71,잔인한거 잘못보는데 초반엔 움찔움찔 하다 뒤로갈수록 적응하게되네요 반전에 반전이라 당혹스럽기도한데 시간순삭이고 배우들연기가 대박이에요
8,86,영화 잘봤습니다 영화 잘봤습니다
5,32,솔직한 감상평으로는 유튜버들이 편집이 먹여살린 영화라고 생각합니다. 저도 유튜브 프리뷰를 보고 재밌겠다는 생각에 극장으로 발걸음을 옮겼지만 유튜브 예고편은 빙산의 일각이였네요
2,34,이렇게까지 잔인할 필요가 있나 싶네요.
1,38,잔인한 것 말고는 아무것도 없는 영화
6,40,"흠... 범죄자들끼리의 난잡한 액션씬을 기대했건만.... 갑자기 이게 뭔.... 흠....감독이 영화""마녀""가 부러웠던것일까....흠..."
7,42,영화는 피분수 그자체..서인국 연기 잘하네
3,45,낚였음 ㅠㅠ 노잼 비추천해요
8,45,한국에서 이런 잔인한 영화도 만들수있구나 하는 생각이 첫번째로 들었어요 놀라는 포인트들도 군데군데 있었고 피가 넘쳐흐르는 장면엔 토쏠릴뻔 했지만저는 쏘쏘하게 봤어요 딴건모르겠고 서인국 연기 잘하는거같아요오
1,46,
8,50,태어나서 이렇게까지 잔인한 영화는 첨 보는거 같아요 그래도 이런 새로운 시도는 좋았던거 같아요! 그리고 배우분들 연기도 좋았고 잘봤어요!!
8,52,"잔인하고 폭력적인 묘사로 관객층 호불호가 크게 갈릴수 있습니다. 처음 예고처럼 단순한 범죄자들 테러물로 묘사되지만 후반부로 갈수록 장르가 바뀌는 복합장르물을 보여주고, 한 장르만 연출했다면 지루했을듯한데 장르에 변주를 줘서 정말 재밌게 봤습니다. 특이한 괴작이라 불릴만하며 개인취향은 만족했지만 함부로 추천하긴 어려운 영화입니다"
10,58,크게 기대안했는데 시원시원하니 볼만하네요 스릴있습니다.간만에 속이 뻥 뚤리는 기분이랄까 모처럼 극장에 콧바람 쐬러 갔는데 잼나게 봤습니다.
10,65,와 진짜 입 벌리고 봄 ㄷㄷ 그냥 눈을 뗄 수 없음 무엇을 상상하든 그 이상이라는게 찐임 볼 맛나는 액션까지.. 굿
10,72,"진짜 제대로 쎈 영화, 보는 내내 후덜덜 했으나, 완전 몰입!"
6,27,한국영화중에선 보기 드문 잔인한 영화네요 후속작이 나올지는 모르겠지만 스토리떡밥이 너무 많아 아쉽습니다
2,35,빨리 나오고 싶어지는 영화였어요
2,35,보기 너무 힘들었어요 추천하지 않아요
9,37,이것이야말로 진정한 청소년 관람불가다.
1,46,와 무슨 낚시하는것도 아니고 초반 30분외엔 정말 볼거리가 없네요.무슨 도장깨기처럼 깨러다니는것도 아니고 나참 진짜 점점 산으로가는 빡쳐서 콜라만 벌컥벌컥마시다가 나왔네요
6,27,
1,28,말하기싫음 예고편이에속았다
1,33,
4,34,배우들 연기는 좋았는데 내용은 잘 모르겠네요 초반에는 괜찮게봤는데 점점 산으로 가는 느낌..
2,38,"서인국빼고는 닼ㅋㄱㅋ진짜 느낌없고, 피만주구장창 우리나라는 꼭 청불이면 강간,야하고더러운장면 진짜 돈아까웠음ㅎㅎㅎ"
3,38,예고편과 같은 스토리로 갔다면 얼마나 좋았을까… 수위도 조금 조절하고 했다면 흥행했을것같은데
5,39,내가 무슨 장르의 영화를 본 건지 뭘 본 건지 잘 모르겠다
2,41,범죄 스릴러물인 줄 알았는데 근본없는 sf 판타지네 ㅋㅋㅋㅋ
1,41,
1,41,
8,44,"혈액 소품의 퀄리티와 액션은 역대로 좋았으나 피가 콜라처럼 보이게 만든 허접한 고어연출.미트트레인, 마녀, 이벤트호라이즌, 킬빌 등의 수작들의 장점을섞고 섞고 섞다가 감독 스스로 길을 잃은 느낌.점점 나아지겠죠.전반전 연기력 멱살캐리어들로 인한 몰입감 좋음.이후 연기력 좋은 순서대로 사망.후반전 본인들 스스로도 왜 등장한건지 모르는거 같은 발연기 인물들만 남아서 어쩔줄 몰라하는 루즈함은 언제나 관객의 몫..So bad"
2,57,최근 본 영화중 최악의 영화내용 연출 어느것 하나 봐줄만한게 없슴
6,30,별로에요
2,33,잔인만 하면 재미 있는줄 아는 영화 걍 마녀의 3류 버전
2,34,맨정신으로 보기 힘들더군요 잔인한 거 잘 보는 편인데도
4,41,
10,48,연기력..스토리 짱 우리나라에서 첫시도 좋아요
8,67,아니 사람들이 하도 재미없다 재미없다 거리는데 고어장르 오랜만에 보고 싶어서 속는 셈 치고 그냥 아무기대없이 봤는데 생각보다 재밌어서 놀랬어요 ㅋㅋㅋ 좀 과한 장면도 몇개 있긴 했지만 시원시원하니 보기 좋았습니다.스토리도 전형적인 한국영화 신파 이딴거 없고 시원시원합니다 ㅋㅋㅋ 사이다 100개 먹은느낌.
4,27,저는 보다가 나왔어요
8,40,반전 많은 영화. 예상대로 흘러가지 않아 긴장감 가득
2,42,작품성을 헤치는 과한 폭력. 여러분 다 잊고 하나만 기억하세요.생명연장의 꿈.마무리 안되니 2탄 나올것처럼끝낸듯
4,49,너무 잔인해서 영화 500원 어치 봤어요
4,28,
1,35,
2,35,
10,39,잔인해요
10,47,한국영화가 다양한 시도로 한계를 넘는 선에 있다면 늑대사냥도 그 선위에 정확히 한 점을 찍은것같다. 모든 배우들이 소비되는게 충격적이긴 했지만 충분히 자기역할 다 하고 퇴근하는 모습에 기립박수 쳐 주고 싶고 지나친 서사를 부여하지 않아 담백하다. 스토리 설명이 친절하지 않아 프리퀄이 시급하다. 난 궁금한게 많고 도일이가 궁금하다
1,26,여러분의 정신 건강 챙기세요.
6,29,처음엔 필요이상으로 잔인하다싶었는데 피 칠갑하고 내뿜는게 점점 볼수록 적응되고 또 과해서인지 오히려 특수효과를 보고 있구나 싶었음. 영화장르나 내용전개도 내가 예측한대로 흘러가지 않았는데 이게 반전매력이라기보단 산으로 가는 느낌같았음.
8,34,영화 잘봤습니다 영화 잘봤습니다.
1,45,잔인... 그냥 끝!! 사람을 그냥 벌레 잡는것 처럼 그냥 죽임... 그리고 보기 역겨움!!!
1,53,와~ 영화보면서 평점쓰긴 처음... 어디서 타는 냄새 안나요? 투자자들 돈이 불타고 있잖아요. (알바ㅅㄲ들 때문에 5점->1점 빵점은 없니?) ㅅㅂ 살려줘 아직도 40분이나 남았어...끝내 30분 남기고 그냥...
1,26,고어장면이 쓸데없이 과한 느낌이고 배우들 사망 타이밍이 너무 허망합니다. 잔인한 장면이 너무 많아서 되려 집중이 안됐네요. 영화보다가 감독이 누군지 궁금해진 적음 처음. 죄수 송환 프로젝트에 갑자기 일제시대 마루타가 등장해서 욱일승천기며 반일감정 조장하는건 지금 생각해도 뜬금없네 ㅋㅋㅋ
1,26,돈과 시간 버리고 싶은 사람 고고!!
6,26,감독님 이런 쌈마이 B급 장르는 한국에서 안팔려요 ㅠㅠ
6,27,보통이다가 별로였어요
4,28,잔인하기만 하고 내용이 참 애매하네요.
2,36,아.. 진심 보던사람들 다 나가고 난해한 영화였어요..
8,45,난 재밌게봄. 미술팀 고생 졸라했을듯
6,22,배우들이 고군분투하지만 장르물의 한계를 뛰어넘기엔 부족
3,23,"이유없는 잔인함, 맥락없는 스토리.. 굳이 돈주고 볼 영화는 아니었음."
2,25,
6,27,잔인하고... 잔인하다.... 특별히 볼 맛이 없다...
2,29,그런 배우들을 쓰고 이렇게 써먹다니. 예전 성냥팔이 소녀의 재림처럼 재앙인듯. 어이가 없는 영화. 아무것도 생각안남.
4,30,퇴장도 최소한 허무하지 않게 보내야지
1,34,고어액션 잘 보는 편인데 중반이후 장르가 바뀌면서 급식상하고 어이없는 스토리에 지루해서 진심 중간에 나오고 싶었음. 잔인함보다는 쓸데없이 피만 낭자함
1,35,그냥 내용 볼것 없는 그냥 잔인한 영화공포물은 아님
5,36,너무 잔인해서 비추합니다..
1,38,너무 잔인해요
10,44,"베에서 벌어지는 일이라 스케일도 크고, 이런 장르의 영화는 진짜 처음보는듯!"
10,46,생존 서바이벌의 새로운 장이 이제야 열렸다! 배우진과 감독님의 행보가 기대돼요!! 즐겁게 잘봤습니다.
10,53,아주 강렬한 인상을 남긴 늑대사냥였음배우연기는 말할것도 없음 보면서 긴장했는지 손에 땀이 다남!
6,21,
6,21,잔인하면서도 재밌게 만들수도 있었을텐데..
1,23,"진짜 몇년만에 극장에서 중간에 나왔다. 아까운 내 돈, 시간..."
7,24,그 분이 안나오셨음 더 재밌었을까?
4,28,"5점만점에 잔인함 5점, 액션 4.5점, 스토리빌드업 2점, 스토리텔링 2점추천하냐고 물으시면, 호불호 심하게 갈릴꺼 같네요후속편 예상하게 만들만한 엔딩이지만 기대는 전혀 안됩니다.차라리 초반 스토리라인을 쭉 이어가는게 훨씬 낫겠네요"
4,30,
2,31,돈보다도 시간이 아까움
10,41,진짜 1초도 눈을 뗄 수 없음! 몰입해서 영화를 본다는 게 어떤건지 이 영화 보면서 제대로 느낌! 진짜 bbb
2,20,7광구 + 무수단 + 써치(드라마) = 늑대사냥1. 방통위 심사가 어떤 방식으로 통과 되었는가?2. 정소민의 목적은 과연 무엇일까?3. 서인국은 과연 짝 궁댕이 였을까?4. 알파가 원펀맨일까? 아니면 성동일이 원펀맨인가?
5,20,뭘 보고 온 건지 모르겠음
5,20,극장보다 넷플에 더 잘 어울리는 영화
4,23,고어하고 고어하고 고어할뿐 그외에는 별거 없다 노잼
10,25,매니아층 공략 제대로 취향타는 피칠갑! 살상능력 최강~ 기 제대로 빨린다.한정된 공간에서 벌어진 이 어마무시한 사태는 어떻게 흘러갈지 후속편이 기대된다!
8,28,
2,38,
4,17,장르가 갑자기 바뀌어버려서 뭔가 싶었네요
2,19,스토리도 정의도 기승전결도 없고그전 잔인한 사람죽이기가 주 줄거리이다.강력 비추입니다
1,22,등장하는 캐릭터를 싹다 주겨버리는 매우 놀라운 영화
7,24,액션씬은 화려하고 좋았습니다 그런데..너무 잔인합니다 잔인한 영화 싫어하시는 분들에게는 비추드립니다
5,28,새로 시도하는 장르는 좋은데2시간짜리 예고편 보는 기분이라 불쾌했어요
4,28,"초반 15분은 눈 뜨고 보다가 나머지는 눈 감고 보았습니다,, 제가 느끼기엔 배우들 연기와 연출은 좋았으나 스토리가 탄탄하고 짜임새있진 않았어요."
10,36,큰 스크린과 빵빵한 사운드로 더 즐겼던 영화! 장동윤 배우 매력있어요..!
10,40,내가 알던 장동윤이 아님...액션도 잘 소화한다는 거 처음 알게되었어요서인국 연기 잘 하는 건 원래 알았는데 또 한번 알게되었습니다리뷰보고 갔는데 그렇게 망할 영화는 아닌 듯꽤 잔인하지만 꽤 흥미진진했어요
9,42,전개가 빠르고 몰입감 엄청남! 한국영화 특유의 클리셰는 좀 있지만 휘몰아치는 전개로 상쇄가능!
10,46,시작부터 끝까지 쉴틈없이 폭주하는 잔혹함!
5,22,생각보다 많이 잔인함. 잔인함에 비해 생각보다 잘 봐지긴 함. 요즘 노래가 두 곡 이어붙인 스탈이 유행이더니 영화도 그러함
8,24,
4,26,내용도없고그냥마녀패러디임ㅋㅋㅋ
2,28,별로임
7,37,전형적인 예고편이 망친영화 예고편만 보면 경찰vs범죄자였는데 괴물무쌍찍는영화일줄은...범죄자와 형사들간에 이야기를 좀 더 끌었다면 평점도 더 넢았을듯 연기자들은 매우 만족스럽스나.... 후속편은 안나올듯
10,37,화려한 액션씬 때문에 재밌게 봤습니다
10,42,놀라웠어 몰입도 좋아 러닝타임이 짧게 느껴졌어. 한국영화 중 이렇게 새로운 건 없었음
10,43,"고어물 보지를 못하지만, 반전의 반전 긴장을 늦추지 못하는 넘나 잼나는 영화였음! 대박나자 늑대사냥"
10,52,고어 장르 좋아해서 기대하면서 기다렸는데 만족스러움.. n탕 뛸 듯
4,17,이유없는 잔인함과 산만한 전개로 집중하기 어려웠음.
1,19,서인국 장동윤 배우 팬인데도 불구하고 끝까지 보기가 힘들었습니다. 의미없는 잔인한 이미지의 연속이 이렇게 불쾌하구나 처음 알았어요..
1,20,왤케 잔인해
7,21,나쁘진 않은데 너무 과하게 잔인하네요
2,23,정도껏 잔인해야지.. 스토리를 집어먹는 난잡한 잔임함입니다… 눈과 마음 정화시간 가져야 할 정도에요 보지마세요.. 배우들 연기는 훌륭한데 안타깝네요
8,46,서인국 존잘로만 알았는데 연기변신 넘 충격이었고 후반 스토리전개는 아쉬운점있지만? 신선함ㅋ 수위높은 액션이 끝없이 계속되서 눈뗄수없음 ㅋ재밌어요 센거 좋아하심 무조건보세요!!!!
6,13,전반부와 후반부의 연결이 너무 매끄럽지 못합니다. 소개를 통해 기대하던 장르와 영화의 후반부 내용이 달라 좀 더 황당하게 느껴지는 것 같습니다.
4,22,이건머.. 영화로 보기에는 시간과돈이 아깝...
8,14,"그냥 처음부터 장르가 범죄가 아니라, 마녀처럼 인체실험으로 신체각성한 집단들의 이야기라고 홍보를 했으면 어땠을까?? 단순한 범죄/액션 장르였으면, 안봤겠지만 남자판 마녀라고 해서 봤고, 후반부 액션연출은 재미있게 관람했음. 반전을 숨기기 위해 너무 과도하게 해서 진짜 이야기가 완전 묻힌 것 같아서 조금 아쉬움."
4,14,생각보다 너무 잔인한데 계속 반복되니 나중에는 무뎌져요 스토리가 유치해요
8,15,
5,16,마녀 남자판을 노린 것 같은 느낌? 근데 걍 징그럽기만 함. 분량에 비해 열연한 서인국.수위는 진짜 높음.
3,16,하드하드하아드보일드 프랑켄슈타인
3,20,김홍선표<마녀> 피바다버전
4,25,"아무래도 예고편 때문에 문제가 발생한 것 같아... 감독은 관객에게 ""헐 개반전""을 기대한 것 같은데 관객은 ""뭐야? 낚인거야?""가 되어비림.서인국을 기준으로 모든게 180도 바뀜. 예고..."
5,29,버스가 늦어서 못봤네 ㅋ 평 보니 못본게 다행이려나
4,33,
4,12,엔딩크레딧으로 올라가는 궁서체를 보고 나가다가 다시 확인했음
3,14,망망망
3,15,중간부터 산으로 가는 느낌
5,15,밑도 끝도 없이 잔인하기만 함
6,15,무자비한 폭력만 난무함
1,15,
6,23,마녀에 하드고어 버전??.
1,25,
7,27,잔인한 장면이 많긴 했으나 연기도 괜찮고 몰입해서 볼 수 있어 볼만했다.
1,27,
6,10,
2,11,무덕아....엑스트라만 나와서
10,12,
2,12,다들 이미지 변신 제대로 해서 새로웠다
5,13,너무 잔인하긴 했지만 지루하지는 않았습니다 ㅎㅎ
1,13,배우 캐스팅만 좋고 진짜 ....좀. 너무 잔인해요
3,15,고어물 좋아하지만 이건 아니야...
1,20,
7,30,두 눈 뜨고 보기 힘든 영화-.- 그래도 후속작은 궁금한 영화!
10,35,
6,8,말도 많고 탈도 많은 영화... 일단 이런 영화를 만들었다는거 자체만으로도 박수를 보냅니다... 이런거 시도가 쉽지 않았을텐데 뭔가 기반이 될만한 신호탄이 된거 같아서 그 부분은 참 좋았네요... 하지만 언제나 그렇듯 첫술에 배부를 수 없듯이... 이 영화도 아쉬운 부분 참 많습니다... 게다가 생각과는 다르게 진행되는게... 뭔가 좀 이해하기 어려웠었다 랄까요... 일단 이런 영화 시작은 하셨으니만큼 다음편도 영화로 꼭 나왔으면 좋겠습니다... 이 이야기의 끝맺음이 보고 싶어요...
5,10,
3,11,피를 너무 많이 봐서 눈이 피곤해짐ㅜ
4,11,죽어라 죽어 다 죽어라~
1,12,
4,12,잔인하네요
4,12,고어물인지 모르고 봤다면 매우 불호표가 많을 듯. 강강강 모드라 잔인한 묘사외에 긴장감 느낄 수 없었다
6,13,피가 너무 지나치게 나와서 피로했어요.
5,16,액션은 좋은데..액션만 좋은것 같고..애초에 홍보 방향이 잘못된게 아닐까..
6,17,잔인한 편입니다. 초반은 나름 흥미진진
4,26,
2,49,"마녀가 재밌었다면 호, 그게 아니라면 불호일 듯. 예고편으로 장난친 게 너무 괘씸..."
7,8,임팩트 있는 연출과 배우들의 연기는 참 좋았지만 쓸데없이 긴 호흡의 장면이 너무 많음.
5,11,2편이 나오지 않는 이상 무슨 내용인지 이해를 할 수 없다 그냥 피만 나오는 영화... 분수같이... 피가 스프링쿨러처럼 나온다. 영화관에 나 혼자였는데... 오직 나 하나만을 위해 피를 2.5톤 뿌린 거다
6,11,
3,13,기대랑 너무 달랐음
5,13,음... 아숩다 아수워
5,15,서인국이 돋보인 영화였어요.
4,16,스너프 필름을 꼭 120억 들여야 했냐??
7,17,그저 잔인함을 보여주기 위한 영화네요
6,6,
7,7,극장에서 본 영화중에 이렇게 피가 많이나온 작품이 있었나 싶을정도.
5,9,쓸데없이 잔인하다는 게 단점.
7,9,잔인하긴 하지만 긴장감 같은거는 좋아서 만족스러웠습니다
5,10,처음 그대로 긴장감을 유지하는 시나리오였더라면 좋았을 텐데 핀트가 바뀌는 그 지점 이후부터 급속히 흥미를 잃어버리다.
4,11,"작품 내 긴장을 유발하는 대결 구도가 자주 바뀜, 정신없음. 요즘 cj가 관객들을 뭘로 보고 이런 영화를 내보내는지.."
5,11,
6,12,후반부터 재미가 반감되었어요.
4,14,"쓸데없이 잔인하고 개연성도 없고, 무엇보다 재미가 없다"
5,14,
8,20,OOO기에 미친 스토리
8,26,
4,28,ㅇㅇ물이면 그렇다고 미리 홍보 좀 해주세요 ㅠㅠ
3,36,제 취향과는 맞지 않네요
1,50,"사냥 실패, 1점도 아까운 작품"
10,5,늑대사냥 잔인하네요..
5,5,너무 많은 걸 담으려고 했다. 오히려 과거가 더 궁금한 영화
5,6,너무 잔인해서 화들짝 놀랐어요.. 영화 마무리가 2 나올 거 같던데 나오면 궁금하긴 할 거 같아요
6,6,6
2,7,영화 유튜버 리뷰에 낚여서 내 눈만 버림
7,7,하드한 액션 취향고어물에 거부감 없음이런 분이라면 볼 만 합니다.
7,7,고어팬으로서는 나름 맘에 든 영화였네요~ㅎㅎㅎ하지만 ㅇㅍ등장은....너무나도 갑툭튀...내용이 산으로 갈줄이냐 ㅋㅋㅋ
10,8,잔인하기가 아주 그냥 할리우듯 뺨을 때립니다.
1,8,그냥 재미도 없고 잔인하기만 함
8,8,고어한 부분이 실제로 당했을 때를 현실적으로 보여준다는 생각이 들기도 하고 홍보를 다른 부분에 초점을 맞춰서 했다면 더 좋았을 것 같네요
3,8,잔인합니다. 좀 스토리는 이해가 안되고
4,9,판 짜는 게 너무 오래 걸린다
4,9,마녀한테 못된 것만 배웠네
3,9,"쓸데없이 잔인함, 이렇게 잔인하게 만들었어요! 라고 어필하는 느낌.."
1,9,
1,10,이영화를 보지 않은 누군가에게 이영화의 스토리를 설명할때 뭐라고 해야하는걸까?내용도 없이 그냥 펑펑 다 터져 죽는다는 생각밖에 들지 않은 영화 그리고 중간쯤 동성애적 요소는 왜 있는건지 이해불가 영화보는 내내 기분만 더러웠던 영화 영화 중간에 어이가 없어서 평점을 찾아본 영화 상영시간이 안맞아서 더부티크에서 본 내자신이 원망스럽고 돈아까운 영화
6,10,조금 잔인했지만 새로운 장르라 만족했어요
1,11,"뭘 보여 주려고 하는지 모르는 영화, 장르가 뒤섞이고.."
1,11,와 영화를 이렇게 망칠 수 있구나 하는 전개...
1,12,어깨너머 고어물을 배우고 만든 코미디 영화
7,13,호볼호가 갈릴거같은데 나쁘지 않았음
7,13,너무 잔인한데 다음편이 궁금해서 기대된다.
8,13,
7,14,영화 일부 스토리에서 답답함이 느껴지지만 한국영화가 이런 영화도 아직도 제작이 가능하구나 희망이 생김
6,14,피가 넘치는데 내용은 아쉽네요.
4,16,"국내에서 슬래셔 무비를 만들었다는 것이 특이하지만, 극장용이라고 하기엔 뭔가 빈약해보이네요 ㅠ"
6,18,단순하고 명확한 목표를 가진 영화이며 결국 목표를 달성했습니다
4,30,ott로보세요 아니면 할인쿠폰으로 보시던가요 제값주고보면 슬픕니다
7,33,잔인하지만 다들 연기 잘해서 재밌게 봤어요
7,6,잔인한 장면이 너무 많았어요.
6,6,대사와 디렉팅때문인지 몇몇 배우들은 정말 안어울렸고 효과음도 너무 튀었습니다 고어라기엔 피만 많이 나와서 다소 실망했습니다.
8,7,너무 피칠갑이 아니었다면 평이 더 좋았을 듯. 스토리와 흐름도 흥미로웠음. 후속편 기다려짐.
6,7,몹시도 잔인한 영화였습니다.
5,8,서인국 탈옥까지가 가장 멋진!
7,9,"중간에 장르가 확 바뀌는데, 뭐지.. 했다가 나름 괜찮았어요 ㅎ"
8,9,배우들 연기열현과 서인국 배우의 첫악역연기 너무 강렬하게 각인되는 영화입니다
5,9,"단순히 고어함만이 문제는 아니다.2편만을 위한 스토리 진행,의미 없는 캐릭터들 등의 문제가 산재한다."
2,10,잔인하기만 한 영화....무슨 내용을 담고 싶은지 모르겠음..
1,10,유치하고 저질이다 굉장히 잔인해서 영화중간에 탈주했음
6,10,초반이 재밌음
8,10,장르물에 충실한 쏘쏘한영화중간중간 약간의 설명충이 아쉽
1,11,늑대사냥 재미없어요
6,11,후속편을 염두에 둔 무리수가 영화를 망쳤네요..
1,12,걍 보지마세요
2,12,재미없어요오오오옹
4,14,
1,14,잔인한데 웃기다.스토리 시작은 좋으나 돈이 부족한 게 느껴진다. 이를 어째...이거이 새로운 장르 코믹고어무비
8,15,피튀기는 액션~한국에서는 드문 고어물~전 개인적으로 강추요~
5,15,피가 어우...내용이 흔한 느낌인데 재미가 없네요.
5,19,신선한 전개 다만 망가지는 느낌!
6,21,영화 잘 봤습니다. 서인국 등 배우들이 인상적이네요.
2,23,지인 예매해줬는데 별로였다고 함.
5,24,지나치게 잔인한 느낌이었습니다.
10,25,
10,26,기대안하고 봐서인가재미있게 봄
8,32,잔인한 하드코어 무비 오랜만에 재밌게 봤음
8,39,진짜 잔인한데 볼만은 했어요
10,41,한국에도 이런 영화가 나오다니... 작품성 좋고 더 알려졌으면 좋겠다
10,44,"평점이 안좋은게 많아서 걱정하며 봤는데 잔인한 수위는 있지만 그래도 생각보다 더 재밌는데요??무조건 프리퀄과 시퀄이 필요한 영화같네요~ 넷플렉스에 판권사서 프리퀄부터 시리즈로 제작하면 흥행할듯종두네 아이들은 극악무도한 잔인한 행위를 하면서 왜그리 웃음은선한가,시퀄도 엔딩보면 확실히 감독이 씨를 뿌려놓았고, 생각보다 재밌고 스토리도 은근 재밌생각보다 잔인한 수위는 볼수있는정도,몇장면만 흐린눈뜨고 보면 됨서인국,장동윤 연기 멋지고 전반은 서인국이 다하고 후반은 장동윤이"
8,50,한국에서도 이렇게 잔인할수 있구나 했던ㅎ 워낙 제스탈이라 재밋게봤어요. 중간에 눈물도1초 정도? 은근섹시미 서인국ㅎ 무튼 저는 재밋게봤네용ㅎ
8,4,"중반부부터 바뀌는 기류가 호불호를 가르지만, 속편에서 잡아낼 갈피에 걸게되는 기대감"
3,5,어떻게 다치든 피가 탄산수처럼 터져서 오히려 몰입이 안 됐던 것 같다. 배우들의 연기는 훌륭한 편이었는데 스토리랑 연출이 좀...
6,5,잔인하고 피가 너무 많이 나와요
1,6,스너프필름 7광구
6,6,
6,6,
8,7,과감한 시도가 돋보였던 괜찮게 봤음
7,7,
4,7,스토리 자체가 별로임
1,8,늑대사냥 시간이 아까운 영화네요 아쉽네요
2,8,
1,8,직접 보셔야 할 것 같지만 안 보셔도 무방
10,9,"한국영화에서 이토록 잔인하게 표현이 된 영화가 있을정도로 영화 자체는 피칠갑이 난무하는 영화라는 표현이 맞고, 스토리 부분이 좀 더 섬세했다면 잔인했지만 볼만한 영화가 아니었을까 싶네요."
7,10,호불호가 강할 것 같다.이런 장르를 처음 접하는 사람들은 싫어할테지만…장르의 팬들에게는 처음 접하는 한국작품이 될 듯
6,10,너무 잔인해서 좀 보기 거북합니다
4,11,ㅤ
4,12,여러가지로 끔찍하다 우웩
10,14,잘 봤습니다 재밌어요
6,14,고어 요소가 강해서 안맞는 분들은 안보는걸 추천드립니다
10,15,
8,16,다소 잔인한 장면은 있었으나 액션이 통쾌하고 지루하지 않아서 좋았다.. 종두의 임팩트는 킹왕짱
4,20,마녀 남자버전인줄... 잔인하고 피흘림이 너무 과하다 ㅠㅠ
6,24,그래도 참신한 시도..
10,42,초반에는 진짜 쫄렸는데 등장 후에는 그냥 맘편히 봄. 기대했던 내용은 아니었지만 판타지도 좋아해서.. 재밌게는 봤음^^
6,2,잔인한거 잘 보는 사람만 보세요. 진짜 그냥 효과음 덕분에 깜짝깜짝 놀람. 연기는 잘해서 좋았습니다.
9,3,
4,3,장르의 혼합에 실패했을때
6,3,오랜만에 즐기는 한국산 길티 플레저
6,4,새로운 도전은 좋았어요..
4,5,CGV vip포인트만 아니였음...
7,6,ㅋㅋㅋ나는 기대를 전혀 안하고 봐서 그런가.볼만하던데..
2,6,보다보면 걍 이게 뭔가싶음 ㅋㅋ
6,6,
6,6,피바다로 튀어보이려는 기획물
1,7,반전이라면 반전이지만 무슨말을하고싶은 영화였는지 모르겠다
5,7,피만 잔뜩 보고왔어요. 서인국 섹시해여
7,7,
6,7,원터솔져 절망편...고어물 좋아하는 사람은 킬링타임용으로ㄱㄱ
2,8,잔인한 것을 안 좋아하는데...
7,9,"약간 마녀보는 느낌이었어요. 근데 예고편엔 다 숨겨져있으니 .. 이정도 평점은 아닌데, 전 빨리 2편 보고 싶어요 ㅎ"
2,9,너무 잔인하고... 재미는 엾고..
1,9,남자판 마녀
7,10,프리퀄 드라마 보고싶네요.
5,10,"아...할 말을 잃어버리게 만드는 영화네요. 왜 자꾸만 영화 ""마녀""의 그림자가 떠오르는지..."
6,10,흠..새로운 시도 좋았다 하지만...무리수가 많다
6,10,
10,17,한국에서 이런 잔인한 영화 아주 신박
7,22,영화 후반부로 갈수록 전반부와 다른 장르의 영화가 되는데 그 점을 알고 간게 다행이었다. 나쁘지 않은 영화였음
10,32,"새로운 시도를 한 영화. 프레데터, 레지던트이블을 섞었음."
8,36,아무것도 모르고 엄청 잔인하다는 말만 듣고 봄. 근데 정말 상상 이상임. 여지껏 한국 상업영화에서 이런 수준이 있었던가? 를 영화 보는 내내 생각해 봤는데 없었던거 같음. 그냥 잔혹성으로 따져서 원탑 무비임. 그런데 개인적으로 초반 내용이었던 범죄자 vs 경찰 구도로 가는게 깔끔하지 않았을까 싶음. 중반 이후 뜬금없이 수OO된 생체좀비괴물이 나오면서 SF로 장르가 변경됨. 그래도 아무튼 새로운 시도에 나는 점수를 주고 싶음
10,36,프리퀄이 궁금해지는 영화
10,53,잔인한 장면 때문에 눈 가리고 보다가 점 점 익숙해져서 두 눈 크게 뜨고 봤음ㅎ 폭력적인 영화를 싫어한다고 생각했는데...어라? 나 이런류의 영화 좋아하나?ㅎㅎ 지루할 틈이 없이 긴장감 대단했음. 연기자 모두 연기 좋았고 인간의 본성과 욕망에 관해 많은 생각을 하게 함
6,1,피 1톤썼다더니 영화가 시뻘개요
6,1,한국영화치고는 잔인해서 신선했지만 중반부부터 갑자기 영화 장르가 바뀌었던게 의문이긴했음
6,1,여러 장르가 뒤섞인 느낌이에요 고어를 좋아하시면 재밌을지도
6,2,여러장르가 섞인듯해서 아쉬움
7,2,피 가...철 철 철..!!!
7,2,연기는 괜찮으나 연출은 글쎄
5,3,그냥저냥 볼만은했음 뜬금없이 등장하는 이상한 캐릭터말고는
7,3,잔인하다 한국영화에서 이정도는 처음보는듯
4,3,그냥 죽는장면만 나옴..
5,3,이 영화 대체 뭐죠 왜나온거죠
2,6,마녀짭... 근데 마녀 스토리를 감추기 위한 뻘 스토리 추가
1,6,형이 거기서 왜 나와?
5,6,중간에 장르가 바뀌지만 배우분들 연기는 좋았어요.
5,6,
2,7,너무 잔인해서 계속 눈 감고 봤어요 ㅠㅠ
8,7,전 재밌게 봤어요 평이 너무 낮네요.잔인하다고 평점 깎는분들 그만!!!2편을 보고 싶습니다
7,7,금기시 되는 영화장르 도전에 점수를 주고싶습니다
5,10,그냥... 사람... 잡는구나...;;;
1,12,웬만한 영화 다 재밌게 보는 편인데 이건 진짜 재미없네요.. 잔인한것도 별로 감흥이 없었습니다
6,13,
6,14,이게 뭐야 기대와 달라서 아쉬워요
6,18,영화의 반이상이 잔인하게 피튀기며 죽이는장면..스토리는 조금 유치함..ㅎㅎ 넘 기대가컸음
7,19,잼나게 본 사람은 이득임 ㅋㅋ필요이상의 고어함 때문에 영화의 진짜 포인트가 평가절하 되는건 아쉬움
7,20,좀 잔인하지만 나쁘진 않네요~
3,20,피로 시작해서 피로 끝남..ㅋㅋ마녀 아류작
1,22,언더시즈 프레데터 마녀를 섞으니 개판이 됨...
10,49,첨부터 끝까지 강렬해서 보고 나와서도 친구랑 계속 영화얘기로 떠들었네욬ㅋㅋ호불호가 갈릴 수도 있겟찌만 개인적으론 완전 호!!핵꿀잼이었슴다ㅋㅋ (서인국 존멋...)
1,0,제발 보지마세요....
6,0,좀 터무니없는 설정과 잔인함이 눈에 거슬림
6,0,보통
7,0,영화 보고 왔습니다.
5,0,기대와는 많이 다른 영화
6,0,
6,0,
6,1,잔인했지만 나름 긴장감도 있고 신선했다
7,1,좀 잔인하긴합니다
8,1,그저 그랬습니다..ㅠ
7,1,치명적일 정도의 산만함
4,1,역대급으로 잔인하다니까 무섭다
5,1,
5,1,쎄다고 좋은건 아냐
5,1,
4,2,청불의 수위와 괜찮은 스토리를 기대하고 간다면 실망합니다. 10년 동안 봐야 할 피를 2시간에 다 본 것에 불과합니다.
4,2,무작정 잔인하기만 영화를 만들고 싶었던거 같음
2,2,
5,2,초반 내용은 흥미진진하게 봤는데 점점 내용이 산으로 가는 느낌이였음
5,2,너무 고어한 감이 심하기도 하고김다미님 주연작인 마녀를 떠오르게하네요
5,2,잔인힌 장면이.많이 나오네요.
6,2,감독의 야심을 필두로 피칠갑의 향연이 펼쳐지나 직선적인 스토리에서 오는 한계가 분명하다.
8,3,한 영화에 2개의 스토리가 유기적으로 안되다보니 혹평이지만 2편이 나온다면 난 꼭 볼 예정
2,4,맥락도 없고 딱히 시원시원하지도 않다.
6,4,생각보다 재미있었어요
6,4,잔인한데 피만 냅다 뿜으니까 웃겨요... 별개로 속편이 궁금한데 평점이 너무 낮네요
10,5,프리퀄 시퀄이 궁금해집니다.
3,5,"과할정도로 고어하고 잔인한 영상, 스토리는 좋았으나 연출이 별로.. 예상하지 못한 전개여서 당황스럽지만 그래도 속편은 15세가 되길"
4,6,한국에서 이정도 잔혹도의 영화가 가능하다니...
3,8,환혼에서는 괜찮았는데 여기서는 정소민이 왜이러지
4,9,"쿵~쿵~ 층간 소음 내는 윗집에 선물하고 싶은 영화. 선지탕 먹고싶니??기억나는거1. 서인국 궁딩이2. 장동윤 목소리가 생각보다 중저음이라 놀람(여장 목소리로 기억해서 그런가)3. 최귀화 배우님 지금까지 배역 중에 가장 '무게감' 있네요. 쿵~쿵~쿵~쿵 I'll be back P.S. 평점처럼 못 만든 영화 절대 아니고요, 잔인한거 내성만 있으시면 즐길요소가 많은 슬래셔 무비 입니다. 적어도 <마녀> 잼게 본사람들은 일관적으로 평점 줍시다. 무슨 작전 세력이 있는 건지..."
8,12,좀 잔인했어요ㅠㅠ
8,14,
3,18,
8,22,배우들의 연기에 대한 생각이 매우 긍정적으로 바뀌게 되었습니다.약간 잔인한 부분과 미흡한 부분은 있지만 볼만한 영화라고 생각합니다
10,39,잔인하다고 소문을 듣고 봤는데 스토리가 숨 쉴틈없이 전개 되는게 재미 있었습니다^^ 러닝타임이 길어서 영화를 2편 본 기분도 들구요주조연들의 날것 같은 연기도 볼만했네요^^
5,0,시리즈로서의 시작이라면 이 정도 임.팩.트.는 필요합니다만 그런 것이 아니라면....
5,0,
6,0,
3,2,굳이 잔인할 필요가?
7,3,잘 봤습니다 영화 잘봤어요
6,4,영화관에서 잘 보았습니다.
8,4,
8,5,미남당보고 보니.. 집중이안됬고 ㅋㅋ마녀 남자버전보는거같았음 ㅋㅋㅋㅋ제2의 7광구
6,5,시간때우기용 그이상도 그이하도 아님.
5,6,생각보다 더 잔인함. 못볼 정돈 아니고. 중간에 장르가 바뀌어서 당황했지만 볼만은 함.
7,16,
10,18,
8,20,평점 5점대 줄 정도는 아님7점 이상은 됩니당
9,20,아 진짜 엄청 잔인함;;; 마녀사냥같이 황당한 전개인데 전 재밌었어요;;; 내 취향이 이상한듯 ㅋㅋㅋ
10,38,
10,41,최고의 영화
10,43,끝날때까지 숨쉴틈 없이 몰아붙이는 전개와 배우들의 파격적인 연기 변신과 연기력이 대박인 영화! 장르 전환에 대한 호불호가 있을 수 있지만 새로운 한국 영화의 시도와 도전이라는 의미에서 박수를 보내고 싶음. 세계관이 있는 영화고 엔딩을 보고나면 프리퀄과 시퀄이 너무 궁금해짐. 부디 후속편이 나올 수 있기를 바래봅니다
1,86,피튀는 영화 거부감없는편인데이렇게 과하게까지는 찍지않았으면....진짜 정도껏해야지.청불마크만 달면 다인가?그냥 정보없이 봤다가 기분잡칠사람 많아보임.계속 드는 생각이 청불이면 이래도되나....잔인함에도 등급을 둬야하나...보다 나올걸....후회되네요.인간성이 파괴되는 기분.이런 피분수영화인줄 알았으면 절대 안봤을것같아요.
8,0,난 재밌게 봤지만 과연 속편이 나올수 있을런지 ㅠㅠ
5,0,그저그런
6,2,장르적인 재미는 있었다
3,2,마녀 + 바이오하자드 + 범죄
1,5,2시간 내내 상영관에 있는 모든 사람들이 폭소함 개그콘서트인 줄
1,5,잔인해서 못 볼 정도는 아니고 유치해서 눈 둘 데가 없다는 게 문제… 무슨 피칠갑한 우뢰매를 보는 듯했네요. 최소한의 장르적 쾌감을 기대하고 갔건만 그냥 마녀1과 아수라를 한번씩 더 보는 게 나을 뻔했습니다. 특히 마녀와 비교하면 이 정도 스토리는 무성의한 표절에 준하지 않나 싶고요… 그리고 무엇보다 거슬리는 부분은 자막 폰트가 너무 구리다는 것입니다.
7,5,늑대사냥
8,8,분노 가득일때 보면 재밌어요
7,14,영화 잘 봤습니다~ㅎㅎ
8,22,우리나라 영화에서 보기힘든 수위가 신선했습니다 스토리는 다소 아쉬운 부분이 있었지만 재밌게 봤습니다
10,37,그렇다! 이런게 바로 카타르시스였던 것이다! 나쁜짓을 대신 해주는 것을 보면서 느끼는 쾌감 ㅎㅎㅎㅎ
6,1,잔인하긴 했어요. 영화는 그럭저럭..
4,2,너무 자극적인데 분위기 갑자기 마녀2
6,5,잔인한건알겠는데 생각보다멋이없다.
7,6,나름 재밌게 보았다:) 스토리에 신경쓴게 보였음. 근데 너무 징그러워서 어깨 결림이 심해졌어요
5,6,음 에 음 나름 음...
10,7,그냥 잘 관람했습니다
6,7,과연 다음편이 나올 수 있을지 궁금해지는
5,11,어설픈 설정에.. 자극만 계속되니 피곤하기만 하다. 그나마 살생부가 가장 나은..
4,12,
10,13,배우들의 연기력이 너무 좋았습니다
9,21,별로라고 해서 기대 안하고 갔는데 전 재밌었어요 전개가 훅 바껴서 오히려 안지루하고 괜찮던데요 다음 이야기도 궁금해집니다
6,2,
4,5,
10,7,다음 이야기가 궁금함
8,9,많이 잔인해서 그렇지 스토리는 재밌었음 아 근데 예고사기는 맞음
6,9,아주 재밌지는 않았지만 이정도면 만족
10,12,음.. 이것저것 섞어담아 해물고기짬뽕이 되었지만 프리퀄을 보고 싶은건 내가 오타쿠라서 그런가?ㅎ 매력적인 캐릭터들이 흘러넘치는 기묘한 이야기.
9,13,엔딩이 왜 거기서 끝나죠 스토리상 최소 1시간은 더 이어져야 할 것 같은데... 어쨌든 잔혹한 범죄물인척 하다가 갑자기 매우 웃긴 고어물이 되어서 난 즐거웠음
6,13,너무 자극적이여서... 후반부는 크게 감흥이 없어짐
10,51,"잔인하고 무서운거 못보는데 마음의 준비를 하고 봤더니 참을만 했어요 엄청 잔인하긴함모든 배우들이 연기력으로 흠잡을 데 없는 대배우들만 나와서인지 보는내내 긴장감이 가시지 않았고 끝까지 지루하지 않게 몰입해서 잘 봤습니다 좀비물이나 폭력적인 장르를 좋아하시면 추천,내용 자체도 굉장히 신선하고 반전의 반전이 있어 프리퀄이 기대되는 작품이었어요"
10,56,연기 구멍없고 후속작 계속 나올 듯 마녀사냥 범죄자+남자버전이라는 말이 정확함
10,65,"영화에 스토리가 필요해? 영화에 강약조절이 필요해? 처음부터 끝까지 싸우고 죽여도 되나? 영화를 본 분들 중 스토리, 강약조절 이런 것에 의문이 들었다면, 그 의문을 역으로 생각해보면 많은 것이 풀린다. 좀비물에 좀비가 튀어 나오는 게 당연하듯, 늑대사냥에서는 피가 튀고 죽이고 싸우는 게 당연하다 여겨질 정도로 새로운 장르의 영화였다. 반대로 묻고 나서야 유수의 영화제에서 이 영화를 선택하고 초청한 이유들도 납득이 되었다. 그리고 감독님께 놀라웠던 점은 배우들의 에너지 합을 너무 잘 배치했다는 점이었다. 한 명이 단독으로 나오는 장면이 거의 없어서 배우들의 기가 서로 어떻게 작용하는가도 중요한 포인트였을텐데 정말 그 강약의 조합이 지금 생각해보면 기가 막히다.무엇보다 서인국 배우의 존재감은 남달랐다. 악한 사람이 이렇게 순수해 보일 수 있는가? 내가 미쳤나? 할 정도로 순수악이라는 말을 서인국 배우의 연기로 납득 당해 버렸다. 어린 아이들이 잠자리를 잡아 날개를 뜯고 자르고 하는 모습이 겹쳐졌다고 할까? 눈빛 하나 표정 하나 손끝 하나 박종두였던 서인국 배우에 압도당했다. 스포가 될까 많은 이야기를 담을 수 없지만, 좀비물이 하나의 장르가 되었듯 이 영화도 하나의 장르가 되지 않을까? 생각해본다. 내가 좋아하는 장르는 아니지만 그런 장르 영화의 탄생을 함께했다는 뿌듯함이 생길거라 기대되는 영화였다."
6,0,
6,2,영화 잘 봤습니다.
2,11,포인트적립 ㄱㅅ
5,13,넘나리 무섭고 살벌하기만 하다ㅜㅜ
10,57,잔인한거 좋아하는 분들은 볼만함 서인국 연기에 빠졌다
8,8,재미있어요 재미있어요
10,13,생각없이보면 재밋움!!
7,13,생각보다 재미있게 봤어요. 장동윤 배우 좋더라구요
5,13,
10,19,
9,26,원래 5점 줄라다가 서씨 궁디 덕에 9점 드립니다감독씨 연출 노린거면 감사하고요여자남자 별점차이 왜케 많이나는지 알것같음ㅋㅋㅋㅋ
8,4,잘봤어요
2,17,늑대사냥 늑대사냥 늑대사냥 늑대사냥
6,21,그래도 지루하진않았습니다
10,4,하...ㅎ굳이긴 함..심심하면 봐양
6,8,솔직히 아쉬운 부분은 많았으나 한국영화에서 슬래셔물 봐서 신선했음
10,9,"흥미로운 영화, 재미있게 잘봤습니다!"
10,12,액션보단 고어에 가까운 영화잔인한거 잘 보시면 볼만합니다
10,20,
10,24,호불호확실한영화우리나라에서 이런영화가나오다니 반갑
10,44,겁나 재밌어요!!!! 꼭 보세요 진짜!!!나만 시간사냥 당할순 없다!!!
10,54,"개봉 전 부터 너무나도 기대했던 작품이었는데... 개봉 후 평점이 너무 안좋길래, 저 또한 실망스러웠고 아쉬웠으나. 제 감을 믿고 일단 봤습니다.. 결과는. 대만족입니다. 역시 이번을 계기로 사람마다 느끼는 바는 다르다고 느꼈습니다. 저는 전체적인 영화에 대한 만족도가 매우 높았습니다."
7,2,그냥 그랬어요 잔인한 장면이 많아서 아쉽네요
10,17,
10,28,영상미도 화려하고 재밌게봤습니다!!!
6,5,늑대사냥 영화 잘 봤습니다~!
10,6,재밌읍니다재밌읍니다
10,14,
10,47,킬링타임에 무슨 내용 줄거리가 필요해요 액션 타격감 고어함만으로도 100점
10,5,재미있게 잘 봤습니다. *^^*
5,11,그럭저럭 볼만했어요기대를 너무 크게 잡지 말고 보세요
7,1,쓰읍 머리 비우고 가면 나쁘지... 긴 함
6,5,그럭저럭입니다...ㅎㅎ
10,10,진짜 한국에 없는 최초의 영화????서인국의 연기 변신이 진짜 쵝오????????????
10,10,제 점수는 10점입니다.
8,14,그럭저럭 볼만은 했습니다
8,27,재미있어요재미있어요
5,28,늑대사냥? 사냥실패!
10,50,"아니 이게 왜 평점이 이렇지?개취는 존중하는데 이 정돈 아니지 않나?마녀는 되고 늑대사냥은 안되는거야??내돈내산..전혀 아깝지 않았어!다만, 선혈이 낭자하는 건 맞음. 그러나 생각했던 것보단 나있음."
10,9,제 점수는 10점입니다.
7,10,9월 26일 2차 관람
9,18,왜이렇게 별점 낮은지 이해안감. 재밌게 잘봤음. 2편 기대됨
10,47,
10,8,
10,28,
8,10,재미있었어요
5,11,장영남 배우랑 전소민 배우 좋아해서 봤어요... !
10,6,간만에 잼나는 영화 잘봤습니다.
2,9,서인국은..드라마만 찍었으면...
6,9,영혼보내기영혼보내기
10,10,
10,53,이런 영화가 있었나 싶은 수위입니다.불호가 있을수 있을거 같은데 저는 잘 봤습니다.차기작도 기대 되네요.
7,13,비가 쉴새 없이 나와서 좀 잔인한 장면이 많기는 하지만 나름 킬링타임용 영화로서의 역활은 충분히 한다고 생각합니다
5,16,가끔 이런 장르도 필요하지
4,11,잘봤습니다.
9,44,잔인하고 또 잔인함 연기랑 스토리 처음엔 적응안되었는데 이상하게 계속 생각나요ㅋㅋ 다시 보고싶네요ㅋㅋ
8,44,분명 단점이 여러가지 존재하지만 한국에서 이런 장르영화를 만들었다는 것에 점수!
10,46,"잔인해서 호불호 갈리겠지만 저는 재밌었습니다. 드디어 한국영화도 이정도까지 왔구나싶네요ㅎㅎn차 관람할수록 스토리도 재밌고 세계관도 좋더라구요ㅌㅌ 이걸 보면 왜 돈을 버린다는 건지ㅋㅜ인생작이 악녀, 마녀, 카터 좋아하는 사람으로서 취향에 맞는 영화였습니다! 배우들도 액션합 맞추기 힘들었을게 보였어요ㅋ기사 서치해보니 3부작이라고 하더라고요 속편도 기대되네요!"
8,31,지루할틈이 없었던 영화
10,39,신선하고 짜릿하며 그동안 보지 못했던 긴장감을 느낄 수 있습니다. 배우분들의 연기도 살아있고 예측할 수 없는 플롯으로 계속 기대하게 되는 작품입니다
10,41,보다가 어? 싶긴 했는데 내가 이런 장르를 좋아해서 재밌게 봄. 한 7~8점 된다고 생각하는데 평점 너무 낮아서 10점 줌.
10,35,이런 장르를 자주 보는 편이 아니라서 그런지 움찔거리면서 보긴했지만 정말 재밌게 봤습니다. 배우들 연기가 미쳤고 2시간이 진짜 순식간에 지나간 거 같았어요 전개가 정말 지루한거 없이 시원시원했습니다.
10,34,전혀 스토리를 모르고 가서 정말 끝까지 긴장이 풀리지 않았어요연기자분들 연기 대단하네요
10,50,평점이 왜이리 낮죠? 예상하지 못한 전개. 끝까지 이어지는 긴장감. 올해 쵝오 잼있게 본 영화임. 강력추천!
10,22,
